# Id	Version	Platform	Architecture	Upstream url	sha256sum	Alternate Url
example_redirect	0	src	all	http://mbio-serv2.mbioekol.lu.se/ARAGORN/Downloads/aragorn1.2.36.tgz	ab06032589e45aa002f8616333568e9ab11034b3a675f922421e5f1c3e95e7b5	http://mbio-serv2.mbioekol.lu.se/ARAGORN/Downloads/aragorn1.2.36.tgz
Algorithm-Diff	1.1903	src	all	https://github.com/bgruening/download_store/raw/master/jbrowse/Algorithm-Diff-1.1903.tar.gz	30e84ac4b31d40b66293f7b1221331c5a50561a39d580d85004d9c1fff991751	
AnnotationDbi	1.22.6	src	all	https://github.com/bgruening/download_store/raw/master/DESeq2-1_0_18/AnnotationDbi_1.22.6.tar.gz	66c242154da781c5075320851d1bb97020f11cea7a9c6a6b3494fc5f8a1cef29	
AnnotationDbi	1.24.0	src	all	https://github.com/bgruening/download_store/raw/master/DESeq2-1_2_10/AnnotationDbi_1.24.0.tar.gz	132777be015a3ce8f1c97abba1b628622bcc0bef5ce49d22eec29a7a90a66ac5	
AnnotationDbi	1.28.1	src	all	https://depot.galaxyproject.org/package/noarch/AnnotationDbi_1.28.1.tar.gz	214a293286af854001ce46b9d866ea5b3fbc4e6b8383be0952f63491e4f6171c	
AnnotationDbi	1.30.1	src	all	https://github.com/bgruening/download_store/raw/master/DESeq2-1_8_1/AnnotationDbi_1.30.1.tar.gz	cefd8d389e71e9b0002cdca78b8d4ae39a950248aaefcf647faaeaa13a2643bb	
BBmisc	1.8	src	all	https://depot.galaxyproject.org/package/noarch/BBmisc_1.8.tar.gz	a90e50e892be327a6a05ba9a61359b9fcfe5f661d89fc34b02aa59760bb988c0	
BBmisc	1.9	src	all	https://depot.galaxyproject.org/package/noarch/BBmisc_1.9.tar.gz	4b7fd5c6c1358a7e4c32c10237aa6f3f5279585afef83b0ffa1b3fc74c5f3006	
BSgenome	1.34.0	src	all	https://bioarchive.galaxyproject.org/BSgenome_1.34.0.tar.gz	fab6bf44f61353d3fdd26779768a049b22b3120e5ef53de08d9b2ffcb9eb4278	
BatchJobs	1.5	src	all	https://depot.galaxyproject.org/package/noarch/BatchJobs_1.5.tar.gz	97583c7ddeb43a5361a9b45eab8b47a166077521c6963507e0155820690e44a9	
Bio-GFF3	2.0	src	all	https://cpan.metacpan.org/authors/id/R/RB/RBUELS/Bio-GFF3-2.0.tar.gz	cbfef8376d3d9026483360150e3745a27dad78e995348d0c08ef5b2e4374170c	
BioPerl	1.6.922	src	all	http://search.cpan.org/CPAN/authors/id/C/CJ/CJFIELDS/BioPerl-1.6.922.tar.gz	da8a88112bff0224bd17b74eb28f605f96db6481ed5c8c00ca7e851522deee2b	
BioPerl	1.6.924	src	all	https://github.com/bgruening/download_store/raw/master/jbrowse/BioPerl-1.6.924.tar.gz	616a7546bb3c58504de27304a0f6cb904e18b6bbcdb6a4ec8454f2bd37bb76d0	
Biobase	2.20.1	src	all	https://github.com/bgruening/download_store/raw/master/DESeq2-1_0_18/Biobase_2.20.1.tar.gz	e9848c4c63979665591b78a483cb96ca067a0c2a24f941864184d4f1941870cf	
Biobase	2.22.0	src	all	https://github.com/bgruening/download_store/raw/master/DESeq2-1_2_10/Biobase_2.22.0.tar.gz	52e0877a76cdcc9f5e9c59a99c74decbe973d668c51a2242027069add16f11af	
Biobase	2.26.0	src	all	http://bioarchive.galaxyproject.org/Biobase_2.26.0.tar.gz	7585cd13b5ae6c3dd918327803de4918dcc11cf6bea45df4e5051c492e49db2a	
Biobase	2.28.0	src	all	https://github.com/bgruening/download_store/raw/master/DESeq2-1_8_1/Biobase_2.28.0.tar.gz	056b12f15e4164c3ea22bb3462ae2e5d7f391b91e473c014ee51e5460431ffa6	
BiocGenerics	0.12.1	src	all	https://depot.galaxyproject.org/package/noarch/BiocGenerics_0.12.1.tar.gz	d451f2c72c46a7b5fa6dd252a207ba72f0a5a86d1bfc95408935f079efa85f77	
BiocGenerics	0.14.0	src	all	https://github.com/bgruening/download_store/raw/master/DESeq2-1_8_1/BiocGenerics_0.14.0.tar.gz	5e55e0f5c6577935d169f62268dc05a168a2f607b652d44a919cb16caca7952e	
BiocGenerics	0.6.0	src	all	https://github.com/bgruening/download_store/raw/master/DESeq2-1_0_18/BiocGenerics_0.6.0.tar.gz	7056b06041fd96ebea9c74f445906f1a5cd784b2b1573c02fcaee86a40f3034d	
BiocGenerics	0.8.0	src	all	https://github.com/bgruening/download_store/raw/master/DESeq2-1_2_10/BiocGenerics_0.8.0.tar.gz	a3742b8b4098133aaedef0b191601012611201510ff07246f1166d048f7069ba	
BiocParallel	1.0.0	src	all	http://bioarchive.galaxyproject.org/BiocParallel_1.0.0.tar.gz	92cd14cda4a094e8f9421a3bbe7ad6709a462106bc04a8fd59f2574c2651533d	
BiocParallel	1.0.3	src	all	https://depot.galaxyproject.org/package/noarch/BiocParallel_1.0.3.tar.gz	339c7c8285637afafa0f3ca3d429ef002df5da1653490984cd64662f7cabf71f	
BiocParallel	1.2.20	src	all	https://github.com/bgruening/download_store/raw/master/DESeq2-1_8_1/BiocParallel_1.2.20.tar.gz	b537ff2f7a46982b5897805c40cba63846acfdf855530c3c0c36d57276fb456a	
Biostrings	2.34.1	src	all	https://depot.galaxyproject.org/package/noarch/Biostrings_2.34.1.tar.gz	b00af8f8eb1dbafa4e0ab25b571fa0a9484376c761b4de949eb6bbb7d41bd0cd	
Biostrings	2.36.4	src	all	https://github.com/bgruening/download_store/raw/master/DEXSeq_1.14.2/Biostrings_2.36.4.tar.gz	4f00970da40fd7d188250d52f5a30f3b5c5b549bdd9b68ec191e5c4e405fe20c	
CGI.pm	3.43	src	all	http://search.cpan.org/CPAN/authors/id/L/LD/LDS/CGI.pm-3.43.tar.gz	e4607fa45691ccf5daac68c273a10c4bfca31d119a1a6d9e2e2742a97b2cb3b4	
CGI.pm	3.49	src	all	http://cpan.metacpan.org/authors/id/L/LD/LDS/CGI.pm-3.49.tar.gz	4a136457d0387f96b8f084c5e4c2d92e87df0cfde9fe57d504569f9a39837fca	
Cairo	1.5-8	src	all	https://github.com/bgruening/download_store/raw/master/DEXSeq_1.14.2/Cairo_1.5-8.tar.gz	bcc95d95efdce39afea0a3d83d00b83006457977888d1eaee76b4659d2f258dd	
Capture-Tiny	0.30	src	all	https://github.com/bgruening/download_store/raw/master/jbrowse/Capture-Tiny-0.30.tar.gz	a3b4e55278757e77d50df0b1a79f42e6e8354b7d41db806da39bf161bee63aea	
Carp	1.36	src	all	https://cpan.metacpan.org/authors/id/R/RJ/RJBS/Carp-1.36.tar.gz	dcc789935126461c80df0653f98c1d8d0b936dcc3d04174287cb02767eca123c	
Class-Data-Inheritable	0.08	src	all	https://github.com/bgruening/download_store/raw/master/jbrowse/Class-Data-Inheritable-0.08.tar.gz	9967feceea15227e442ec818723163eb6d73b8947e31f16ab806f6e2391af14a	
Clone	0.38	src	all	https://cpan.metacpan.org/authors/id/G/GA/GARU/Clone-0.38.tar.gz	9fb0534bb7ef6ca1f6cc1dc3f29750d6d424394d14c40efdc77832fad3cebde8	
DBI	0.2-7	src	all	https://github.com/bgruening/download_store/raw/master/DESeq2-1_0_18/DBI_0.2-7.tar.gz	e90a988740f99060d5c4aacb1f2b148b0eb81c5b468bafeadf3aaeccf563b5e3	
DBI	0.3.1	src	all	https://depot.galaxyproject.org/package/noarch/DBI_0.3.1.tar.gz	1c26535720f146fae8cc9ef6e190619967abf296706a5b5a1e8242cbbb5a4576	
DESeq2	1.0.18	src	all	https://github.com/bgruening/download_store/raw/master/DESeq2-1_0_18/DESeq2_1.0.18.tar.gz	ea44ee3f6ea47024efe47ab42a55afe37e0d35172ce6c71e78256b2c5bf5ba58	
DESeq2	1.2.10	src	all	https://github.com/bgruening/download_store/raw/master/DESeq2-1_2_10/DESeq2_1.2.10.tar.gz	d19047264bd8eb119e1842028d486df75b219242640c303c0a9bad66b9cf135a	
DESeq2	1.8.1	src	all	https://github.com/bgruening/download_store/raw/master/DESeq2-1_8_1/DESeq2_1.8.1.tar.gz	2217ff6337f60b7f552b14129bfa44bf295978e004c9f4a2e382e25b1842922e	
DESeq2	1.8.2	src	all	https://github.com/bgruening/download_store/raw/master/DESeq2_1_8_2/DESeq2_1.8.2.tar.gz	25fb91b73b033142069fde1413657e7ae8fbb1d801025eec4014a9760d9960ac	
DEXSeq	1.14.2	src	all	https://github.com/bgruening/download_store/raw/master/DEXSeq_1.14.2/DEXSeq_1.14.2.tar.gz	0ebbb867fa39ae28f37f2438a03532a09c3788d39330c6165f1ff8cbb0ec3a26	
Data-Stag	0.14	src	all	https://github.com/bgruening/download_store/raw/master/jbrowse/Data-Stag-0.14.tar.gz	4ab122508d2fb86d171a15f4006e5cf896d5facfa65219c0b243a89906258e59	
Date-Manip	6.48	src	all	http://search.cpan.org/CPAN/authors/id/S/SB/SBECK/Date-Manip-6.48.tar.gz	05bc9fc1bbb32cfc885f558f027e3e8a3311118318b46590d9135affbe6320a8	
Devel-Size	0.80	src	all	https://cpan.metacpan.org/authors/id/N/NW/NWCLARK/Devel-Size-0.80.tar.gz	ca3a089cb263ab6b9751df777cf6d3df3ba470d471d300a8076e4be6e288d057	
Devel-StackTrace	2.00	src	all	https://github.com/bgruening/download_store/raw/master/jbrowse/Devel-StackTrace-2.00.tar.gz	1debe7273099a60e1386e0da5edbed7334db3cf3ed8e3b4106b087100b8ec5e4	
Digest-Crc32	0.01	src	all	https://cpan.metacpan.org/authors/id/F/FA/FAYS/Digest-Crc32-0.01.tar.gz	219b8a97164efc2b46985e9178234683d675c2eec2b90fa925844680144c12a1	
Encode	2.73	src	all	https://cpan.metacpan.org/authors/id/D/DA/DANKOGAI/Encode-2.73.tar.gz	6b6c7b58bf5cdd8163ca6c9d161a7b986e14ddef973ba342b3e07ab11afea0fb	
Encode-Locale	1.03	src	all	http://search.cpan.org/CPAN/authors/id/G/GA/GAAS/Encode-Locale-1.03.tar.gz	f76337e0933225914111fcc3319ff4db359b1abfd1aa56dff2df5378db0e2d55	
Exception-Class	1.39	src	all	https://github.com/bgruening/download_store/raw/master/jbrowse/Exception-Class-1.39.tar.gz	819c756a69a6d1e31f396eca6a508b07b0a522a035b904cd1d432353cc362083	
Exporter	5.70	src	all	https://cpan.metacpan.org/authors/id/T/TO/TODDR/Exporter-5.70.tar.gz	836a2f397b59f7194f4787235aeb0c7ac0c232bd6fc39be45b77e65a1a19e122	
Exporter-Tiny	0.042	src	all	https://github.com/bgruening/download_store/raw/master/jbrowse/Exporter-Tiny-0.042.tar.gz	8f1622c5ebbfbcd519ead81df7917e48cb16cc527b1c46737b0459c3908a023f	
FCGI	0.67	src	all	http://search.cpan.org/CPAN/authors/id/S/SK/SKIMO/FCGI-0.67.tar.gz	08bf8afe1985b17d2375e8dc98ac86cab0daf017ccd5281157abdbb7e19273fd	
File-Listing	6.04	src	all	http://search.cpan.org/CPAN/authors/id/G/GA/GAAS/File-Listing-6.04.tar.gz	1e0050fcd6789a2179ec0db282bf1e90fb92be35d1171588bd9c47d52d959cf5	
File-Next	1.12	src	all	https://github.com/bgruening/download_store/raw/master/jbrowse/File-Next-1.12.tar.gz	cc3afd8eaf6294aba93b8152a269cc36a9df707c6dc2c149aaa04dabd869e60a	
File-Path	2.09	src	all	https://cpan.metacpan.org/authors/id/D/DL/DLAND/File-Path-2.09.tar.gz	d1e0b5b7f93cc4133e2fc206a34e00dd868886b7ed850d799ccee824d25a225e	
File-Temp	0.2304	src	all	https://cpan.metacpan.org/authors/id/D/DA/DAGOLDEN/File-Temp-0.2304.tar.gz	13415323e48f7c9f34efdedf3d35141a7c3435e2beb8c6b922229dc317d321ac	
Formula	1.1-2	src	all	https://depot.galaxyproject.org/package/noarch/Formula_1.1-2.tar.gz	20a812a8620f610e5242402f6b3437287b26e3e4fb30e9b22d27884e7c65b2ab	
Formula	1.2-1	src	all	https://github.com/bgruening/download_store/raw/master/DESeq2-1_8_1/Formula_1.2-1.tar.gz	5db1ef55119b299c9d291e1c5c08e2d51b696303daf4e7295c38ff5fc428360a	
GenomeInfoDb	1.2.4	src	all	https://depot.galaxyproject.org/package/noarch/GenomeInfoDb_1.2.4.tar.gz	459d8904e30999435f7dd2ce40fc9a1b076982f798a6d2fb752d0311a7bcbd4b	
GenomeInfoDb	1.4.2	src	all	https://github.com/bgruening/download_store/raw/master/DESeq2-1_8_1/GenomeInfoDb_1.4.2.tar.gz	3d4ff22c6a11192ee1e313042ff0da4703b18c72f2247be73a0590769328d05a	
GenomicAlignments	1.2.1	src	all	https://depot.galaxyproject.org/package/noarch/GenomicAlignments_1.2.1.tar.gz	eea049da0427d04a65c0a8b41a41ad1fc679a174e94b0879d5035d676e6ae3f0	
GenomicFeatures	1.18.3	src	all	https://depot.galaxyproject.org/package/noarch/GenomicFeatures_1.18.3.tar.gz	9d9b3108b0db6e5e17b7b4cef1bca238d2124064506bcca7879e1dd53edaeeeb	
GenomicRanges	1.12.4	src	all	https://github.com/bgruening/download_store/raw/master/DESeq2-1_0_18/GenomicRanges_1.12.4.tar.gz	6a9a4429be2161acc7609dbc09785638af0f260cc71915dc36fe58801a7d3d34	
GenomicRanges	1.14.4	src	all	https://github.com/bgruening/download_store/raw/master/DESeq2-1_2_10/GenomicRanges_1.14.4.tar.gz	f1eb07db9db5fde6c7992e29dc6c8428310a345d22f80fc68ede2c54637cc7da	
GenomicRanges	1.18.3	src	all	https://depot.galaxyproject.org/package/noarch/GenomicRanges_1.18.3.tar.gz	f7cb9304e22f05e61c8e2e395bfa791ef548ec209d0a9eb00129745f20677bd1	
GenomicRanges	1.18.4	src	all	https://depot.galaxyproject.org/package/noarch/GenomicRanges_1.18.4.tar.gz	1ff768364df263f7c55b31488b8718f173ae06f4d3bc6f49d4f24ccf300f4aa9	
GenomicRanges	1.20.5	src	all	https://github.com/bgruening/download_store/raw/master/DEXSeq_1.14.2/GenomicRanges_1.20.5.tar.gz	bfae3233e7f48e1c16308ba7717006319cb29ffadbc9aff8d5cc4fb3441061ba	
GenomicRanges	1.20.6	src	all	https://github.com/bgruening/download_store/raw/master/DESeq2-1_8_1/GenomicRanges_1.20.6.tar.gz	9d2bedd17a73864406d0284ddea2d28aef84c7c969b6924d8be2285d96f14e13	
Gviz	1.10.3	src	all	https://depot.galaxyproject.org/package/noarch/Gviz_1.10.3.tar.gz	c64a80d616a65aaec94e7edf6ccac56b13faf33984eace087e1992c3f1a70013	
HSMMSingleCell	1.0.0	src	all	https://github.com/bgruening/download_store/raw/master/monocle/HSMMSingleCell_1.0.0.tar.gz	b34dbfd2d70d6f5ea98451c74d5780ca80d32b6b60de1690a50768d0fa942f14	
HTML-Parser	3.71	src	all	http://search.cpan.org/CPAN/authors/id/G/GA/GAAS/HTML-Parser-3.71.tar.gz	be918b3749d3ff93627f72ee4b825683332ecb4c81c67a3a8d72b0435ffbd802	
HTML-Tagset	3.20	src	all	http://search.cpan.org/CPAN/authors/id/P/PE/PETDANCE/HTML-Tagset-3.20.tar.gz	adb17dac9e36cd011f5243881c9739417fd102fce760f8de4e9be4c7131108e2	
HTTP-Cookies	6.01	src	all	http://search.cpan.org/CPAN/authors/id/G/GA/GAAS/HTTP-Cookies-6.01.tar.gz	f5d3ade383ce6389d80cb0d0356b643af80435bb036afd8edce335215ec5eb20	
HTTP-Daemon	6.01	src	all	http://search.cpan.org/CPAN/authors/id/G/GA/GAAS/HTTP-Daemon-6.01.tar.gz	43fd867742701a3f9fcc7bd59838ab72c6490c0ebaf66901068ec6997514adc2	
HTTP-Date	6.02	src	all	http://search.cpan.org/CPAN/authors/id/G/GA/GAAS/HTTP-Date-6.02.tar.gz	e8b9941da0f9f0c9c01068401a5e81341f0e3707d1c754f8e11f42a7e629e333	
HTTP-Message	6.06	src	all	http://search.cpan.org/CPAN/authors/id/G/GA/GAAS/HTTP-Message-6.06.tar.gz	087e97009c5239dca4631cf433d836771b3fc5ba5685eef1965f9d3415cbad63	
HTTP-Negotiate	6.01	src	all	http://search.cpan.org/CPAN/authors/id/G/GA/GAAS/HTTP-Negotiate-6.01.tar.gz	1c729c1ea63100e878405cda7d66f9adfd3ed4f1d6cacaca0ee9152df728e016	
Hash-Merge	0.200	src	all	https://cpan.metacpan.org/authors/id/R/RE/REHSACK/Hash-Merge-0.200.tar.gz	47f9f03330b7595c94e73bdd17dc6682ba59d1cc89e63f4e319617f4bb122a64	
Heap-Simple	0.13	src	all	https://cpan.metacpan.org/authors/id/T/TH/THOSPEL/Heap-Simple-0.13.tar.gz	a6a720764580081de6086e1bfab606accc1a388a88e47adaa38abe49787ca71b	
Heap-Simple-XS	0.10	src	all	https://github.com/bgruening/download_store/raw/master/HeapSimpleXS/Heap-Simple-XS-0.10.tar.gz	ddd7f1f845db60855271bf8276a67b110d8960b16c4482c5c449b0a6b0636ac3	
Hmisc	3.14-6	src	all	https://depot.galaxyproject.org/package/noarch/Hmisc_3.14-6.tar.gz	fe26b57a356832dc098be6edca0ffd1ad5766dee9b6a0989c113d4fee3a9255b	
Hmisc	3.16-0	src	all	https://github.com/bgruening/download_store/raw/master/DESeq2-1_8_1/Hmisc_3.16-0.tar.gz	4edc3903da63e25d747f34c33abf3e4e9a1f250580bbbab39fb192469738a30d	
IO-HTML	1.001	src	all	http://search.cpan.org/CPAN/authors/id/C/CJ/CJM/IO-HTML-1.001.tar.gz	ea78d2d743794adc028bc9589538eb867174b4e165d7d8b5f63486e6b828e7e0	
IO-String	1.08	src	all	https://github.com/bgruening/download_store/raw/master/jbrowse/IO-String-1.08.tar.gz	2a3f4ad8442d9070780e58ef43722d19d1ee21a803bf7c8206877a10482de5a0	
IRanges	1.18.2	src	all	https://github.com/bgruening/download_store/raw/master/DESeq2-1_0_18/IRanges_1.18.2.tar.gz	897b65330f4932a23ca96c722e67fff1106d44578e1f80967f4570b93f1e27a6	
IRanges	1.20.6	src	all	https://github.com/bgruening/download_store/raw/master/DESeq2-1_2_10/IRanges_1.20.6.tar.gz	98c4d71ac6214c8f358821c440b9e0636f62cc8838d704889116b2efdf74e65f	
IRanges	2.0.1	src	all	https://depot.galaxyproject.org/package/noarch/IRanges_2.0.1.tar.gz	6c26fcb89570f869fe476688d59e99f4c4eb8358a4f8a16d00f77ab04a9c3db9	
IRanges	2.2.7	src	all	https://github.com/bgruening/download_store/raw/master/DESeq2-1_8_1/IRanges_2.2.7.tar.gz	0609e1887e17ab75f8fcabb40e7c5995a4033c2c6e764e73bda8d35350561861	
JSON	2.90	src	all	https://cpan.metacpan.org/authors/id/M/MA/MAKAMAKA/JSON-2.90.tar.gz	4ddbb3cb985a79f69a34e7c26cde1c81120d03487e87366f9a119f90f7bdfe88	
KernSmooth	2.23-13	src	all	https://github.com/bgruening/download_store/raw/master/DESeq2-1_6_1/KernSmooth_2.23-13.tar.gz	3f5fbda9201ea0dab4b5d30a8b857460a929502fc07e3fadc87445c746ce3fe5	
LWP-MediaTypes	6.02	src	all	http://search.cpan.org/CPAN/authors/id/G/GA/GAAS/LWP-MediaTypes-6.02.tar.gz	18790b0cc5f0a51468495c3847b16738f785a2d460403595001e0b932e5db676	
List-MoreUtils	0.412	src	all	https://github.com/bgruening/download_store/raw/master/jbrowse/List-MoreUtils-0.412.tar.gz	66d31289647761e772fa26baa14e513e34c4186af7e5ee8a1bc13c79d1ee15b3	
MASS	7.3-39	src	all	https://github.com/bgruening/download_store/raw/master/monocle/MASS_7.3-39.tar.gz	936bc972aa2a5154603c3fddd31a515aaf001b5515714ad19a05857d5022d11d	
MASS	7.3-44	src	all	https://github.com/bgruening/download_store/raw/master/DESeq2-1_8_1/MASS_7.3-44.tar.gz	835fe22547222742fa84b8bf77774432abe3dff267932b8b8ed06de554f8e79b	
Matrix	1.1-5	src	all	https://depot.galaxyproject.org/package/noarch/Matrix_1.1-5.tar.gz	b23ea59a5218be916a3e6ac4d5f573c5e7921b1eca9a2ed918f2d8f8ef520b4f	
Net-HTTP	6.07	src	all	http://search.cpan.org/CPAN/authors/id/M/MS/MSCHILLI/Net-HTTP-6.07.tar.gz	9f31e0325a5a0930ad309fa019da9d208e57e236fb0598675ed883c820240364	
ONTO-PERL	1.41	src	all	http://search.cpan.org/CPAN/authors/id/E/EA/EASR/ONTO-PERL/ONTO-PERL-1.41.tar.gz	0aad6f898f927a8d3e80f685c0065019a132759b6876864ebc9a3e0c94767c09	
PerlIO-gzip	0.19	src	all	https://github.com/bgruening/download_store/raw/master/jbrowse/PerlIO-gzip-0.19.tar.gz	d2e9351d58b8a93c86811e25a898ee651fc393a157413652bf42f9aada2eb284	
Pod-Escapes	1.07	src	all	https://cpan.metacpan.org/authors/id/N/NE/NEILB/Pod-Escapes-1.07.tar.gz	dbf7c827984951fb248907f940fd8f19f2696bc5545c0a15287e0fbe56a52308	
Pod-Simple	3.30	src	all	https://cpan.metacpan.org/authors/id/D/DW/DWHEELER/Pod-Simple-3.30.tar.gz	7091566d331adf7b4803e7dbb7b1a2d13b616339ac9caa525033344c881a47ee	
Pod-Usage	1.67	src	all	https://cpan.metacpan.org/authors/id/M/MA/MAREKR/Pod-Usage-1.67.tar.gz	c8be6d29b0dfe304c4ddfcc140f93d4c4de7a8362ea6e2651611c288b53cc68a	
R.methodsS3	1.6.1	src	all	https://depot.galaxyproject.org/package/noarch/R.methodsS3_1.6.1.tar.gz	1d5006429702315152e18553078505df0c5db151e39f27e658ae5fbb17316eb0	
RColorBrewer	1.0-5	src	all	https://github.com/bgruening/download_store/raw/master/DESeq2-1_0_18/RColorBrewer_1.0-5.tar.gz	5ac1c44c1a53f9521134e7ed7c148c72e49271cbd229c5263d2d7fd91c8b8e78	
RColorBrewer	1.1-2	src	all	https://depot.galaxyproject.org/package/noarch/RColorBrewer_1.1-2.tar.gz	f3e9781e84e114b7a88eb099825936cc5ae7276bbba5af94d35adb1b3ea2ccdd	
RCurl	1.95-5	src	all	https://depot.galaxyproject.org/package/noarch/RCurl_1.95-4.5.tar.gz	365c582a6da2ef22f8d1bcbbeafe8478ed31de17b0890f740a3e2960620f1382	
RCurl	1.95-7	src	all	https://github.com/bgruening/download_store/raw/master/DEXSeq_1.14.2/RCurl_1.95-4.7.tar.gz	8874d73d89e051627bb54b78d1c8a45f8b52173a345083e71f8f8ec5b0735de3	
RHmm	1.5.0	src	all	http://cran.r-project.org/src/contrib/Archive/RHmm/RHmm_1.5.0.tar.gz	e50d13bf3ca543eafc7b169a18fb1acec736459eb102b5f2f76c9925e6315f2f	
RSQLite	0.11.4	src	all	https://github.com/bgruening/download_store/raw/master/DESeq2-1_0_18/RSQLite_0.11.4.tar.gz	bba0cbf2a1a3120d667a731da1ca5b9bd4db23b813e1abf6f51fb01540c2000c	
RSQLite	1.0.0	src	all	https://depot.galaxyproject.org/package/noarch/RSQLite_1.0.0.tar.gz	8e0cfca19afbc61f40c6d86018cd723a7e00f16d0944c4637f07a18fb6d76121	
RcppArmadillo	0.3.900.0	src	all	https://github.com/bgruening/download_store/raw/master/DESeq2-1_0_18/RcppArmadillo_0.3.900.0.tar.gz	4f01a53d60d5ba10fe7e9b5039681162cc7a819961a224fbf61dcb9a2df13dcf	
RcppArmadillo	0.4.000.2	src	all	https://github.com/bgruening/download_store/raw/master/DESeq2-1_2_10/RcppArmadillo_0.4.000.2.tar.gz	0da41345c2fe05b9737a653313dcd9fcb235cdcaff541d63156575ac2ce4cd8e	
RcppArmadillo	0.5.400.2.0	src	all	https://github.com/bgruening/download_store/raw/master/DEXSeq_1.14.2/RcppArmadillo_0.5.400.2.0.tar.gz	243372ae74e610b921210e54a3aecc2d4bf8b400a3ca766116cdc7d8943847b7	
RcppArmadillo	0.5.500.2.0	src	all	https://github.com/bgruening/download_store/raw/master/DESeq2-1_8_1/RcppArmadillo_0.5.500.2.0.tar.gz	f30155fdd4745b4c9a548a25a30b6ae5fe3e3f6cf4136ac485a75c90555934a0	
Rcpp	0.10.4	src	all	https://github.com/bgruening/download_store/raw/master/DESeq2-1_0_18/Rcpp_0.10.4.tar.gz	d0d043e4b5cd78aaf8095d14ca4bd54238144794df6c6180b9e20cb855343e91	
Rcpp	0.11.0	src	all	https://github.com/bgruening/download_store/raw/master/DESeq2-1_2_10/Rcpp_0.11.0.tar.gz	5b093de76f177b5ebe03ce27e00e3d0a15e7a8e34e2c72b5e423588aebd0d91e	
Rcpp	0.11.3	src	all	https://depot.galaxyproject.org/package/noarch/Rcpp_0.11.3.tar.gz	0abeaeb109f4964f098e22a569a6f72cffb5aeed9d8e67db2ba6628c6a4a124c	
Rcpp	0.11.4	src	all	https://github.com/bgruening/download_store/raw/master/monocle/Rcpp_0.11.4.tar.gz	c6c1d56f2e252f6014160d5657f6ffeed76c2919951dc232036dedc54c06252b	
Rcpp	0.12.0	src	all	https://github.com/bgruening/download_store/raw/master/DESeq2-1_8_1/Rcpp_0.12.0.tar.gz	68782050f5252c4246f1b5b335105eccf4c804d57a0cd41eb63a300f7e0241a0	
Rsamtools	1.18.2	src	all	https://depot.galaxyproject.org/package/noarch/Rsamtools_1.18.2.tar.gz	c845acbc05ff87a12aec1162fe687dda1a043d3e2efa5c08902c006b1ef5f4a6	
Rsamtools	1.20.4	src	all	https://github.com/bgruening/download_store/raw/master/DEXSeq_1.14.2/Rsamtools_1.20.4.tar.gz	f40b05115978c23bd45923fc35b61454b7d01b1309d0380d271014c9c27f68c5	
S4Vectors	0.4.0	src	all	http://bioarchive.galaxyproject.org/S4Vectors_0.4.0.tar.gz	4944c5241897a0b1271da90d4a2d56fa13c24da50aa4508500f5cd06f57954d5	
S4Vectors	0.6.4	src	all	https://github.com/bgruening/download_store/raw/master/DEXSeq_1.14.2/S4Vectors_0.6.4.tar.gz	9a6235cafc5f0b0420f6c051bb58ba26da71a8c100cb5d2d6caf3e93917cf78f	
S4Vectors	0.6.5	src	all	https://github.com/bgruening/download_store/raw/master/DESeq2-1_8_1/S4Vectors_0.6.5.tar.gz	25f82ea9278cfc93b8dadb70fe3b6d114719ea4247c28178d699fde8cacd68f0	
Scalar-List-Utils	1.42	src	all	https://cpan.metacpan.org/authors/id/P/PE/PEVANS/Scalar-List-Utils-1.42.tar.gz	3507f72541f66a2dce850b9b56771e5fccda3d215c52f74946c6e370c0f4a4da	
Sub-Uplevel	0.25	src	all	https://github.com/bgruening/download_store/raw/master/jbrowse/Sub-Uplevel-0.25.tar.gz	2dcca582a7ea5bada576eb27c4be1d1b064fb22175bdbd6d696c45d083560505	
Test	1.26	src	all	https://cpan.metacpan.org/authors/id/J/JE/JESSE/Test-1.26.tar.gz	f7701bd28e05e7f82fe9a181bbab38f53fa6aeae48d2a810da74d1b981d4f392	
Test-Deep	0.115	src	all	https://github.com/bgruening/download_store/raw/master/jbrowse/Test-Deep-0.115.tar.gz	0f2f5d41e4c4454b01dedf3fa753cd51001b16e5336702e1b2c5b206a1bdc39c	
Test-Differences	0.63	src	all	https://github.com/bgruening/download_store/raw/master/jbrowse/Test-Differences-0.63.tar.gz	7c657a178c32f48de3b469f6d4f67b75f018a3a19c1e6d0d8892188b0d261a66	
Test-Exception	0.38	src	all	https://github.com/bgruening/download_store/raw/master/jbrowse/Test-Exception-0.38.tar.gz	7c6aa4c208c043c38631e2af8d28abf76d32a3dcd2ff4a94591f009a6ed3eab5	
Test-Harness	3.35	src	all	https://cpan.metacpan.org/authors/id/L/LE/LEONT/Test-Harness-3.35.tar.gz	055c9ed6b6f85d3764834a90a933f13dc8cf417c349197da4eebc7bb824f821a	
Test-Most	0.34	src	all	https://github.com/bgruening/download_store/raw/master/jbrowse/Test-Most-0.34.tar.gz	c2820c8de65f5fa59f218ac2be9be98b22cc1bb1a1f371e04375aa3b6054e244	
Test-NoWarnings	1.04	src	all	https://github.com/bgruening/download_store/raw/master/jbrowse/Test-NoWarnings-1.04.tar.gz	638a57658cb119af1fe5b15e73d47c2544dcfef84af0c6b1b2e97f08202b686c	
Test-Simple	1.001014	src	all	https://cpan.metacpan.org/authors/id/E/EX/EXODIST/Test-Simple-1.001014.tar.gz	55a414ce89eb7a5e9e84186f286b002054f10ae8ef4f8f2d61bb710e7549f16b	
Test-Warn	0.30	src	all	https://github.com/bgruening/download_store/raw/master/jbrowse/Test-Warn-0.30.tar.gz	8197555b94189d919349a03f7058f83861f145af9bee59f505bfe47562144e41	
Text-Diff	1.41	src	all	https://github.com/bgruening/download_store/raw/master/jbrowse/Text-Diff-1.41.tar.gz	a67f50a48e313c1680cc662109ce5f913ea71454db355d0cf4db87ac89d2d2fa	
Text-Tabs+Wrap	2013.0523	src	all	https://cpan.metacpan.org/authors/id/M/MU/MUIR/modules/Text-Tabs+Wrap-2013.0523.tar.gz	b9cb056fffb737b9c12862099b952bf4ab4b1f599fd34935356ae57dab6f655f	
URI	1.65	src	all	http://search.cpan.org/CPAN/authors/id/E/ET/ETHER/URI-1.65.tar.gz	210656d7e5f98a73b5c3e83444b3a2344bf1868ce06dc977aef030c0deeef083	
URI	1.67	src	all	https://github.com/bgruening/download_store/raw/master/jbrowse/URI-1.67.tar.gz	7088d43d5f4902becfa5e0627751f5e6d0e0bdd1637b2d39e70ce807068a274e	
VGAM	0.9-6	src	all	https://github.com/bgruening/download_store/raw/master/monocle/VGAM_0.9-6.tar.gz	150509c182abe2c2b6fc0245564d11269f0d3caacd76605bd00f096ae9116ec5	
VariantAnnotation	1.12.7	src	all	https://depot.galaxyproject.org/package/noarch/VariantAnnotation_1.12.7.tar.gz	7aa547964f6491c17bd8bda1d7fb0afebb6e7918d67571d7785974793b6ae4a5	
WWW-RobotRules	6.02	src	all	http://search.cpan.org/CPAN/authors/id/G/GA/GAAS/WWW-RobotRules-6.02.tar.gz	46b502e7a288d559429891eeb5d979461dd3ecc6a5c491ead85d165b6e03a51e	
XML-Parser	2.41	src	all	http://cpan.metacpan.org/authors/id/T/TO/TODDR/XML-Parser-2.41.tar.gz	b48197cd2265a26c5f016489f11a7b450d8833cb8b3d6a46ee15975740894de9	
XML-XPath	1.13	src	all	http://search.cpan.org/CPAN/authors/id/M/MS/MSERGEANT/XML-XPath-1.13.tar.gz	2a49c2df34007588397bdf7ae5f122df72a9499df5cbec8fbc6ad4a31a775576	
XML	3.98-1	src	all	https://depot.galaxyproject.org/package/noarch/XML_3.98-1.1.tar.gz	947318e0e0d272bcd57244999d897d6f7b2624554fdf451f8c3c0461c8313159	
XML	3.98-3	src	all	https://github.com/bgruening/download_store/raw/master/DESeq2-1_8_1/XML_3.98-1.3.tar.gz	5e1fb547848b12b9b1a14a1e647891d62dbbebb2a87da28e10e095a1d0f52a49	
XSLoader	0.16	src	all	https://cpan.metacpan.org/authors/id/S/SA/SAPER/XSLoader-0.16.tar.gz	96de61bad187919bf632cfa657f1b9957ad47defcc90dad8ee1f50c955eedb86	
XVector	0.6.0	src	all	http://bioarchive.galaxyproject.org/XVector_0.6.0.tar.gz	9dd60b3ade8981ceb2d32b09d00fa297277fd64c41aa898003cc49c55bae7652	
XVector	0.8.0	src	all	https://github.com/bgruening/download_store/raw/master/DESeq2-1_8_1/XVector_0.8.0.tar.gz	0da74db92148cd3ac9ce1b77d763599bc924700b0df423be1af1eb8fa778009b	
abyss	1_9-0	src	all	https://github.com/bcgsc/abyss/releases/download/1.9.0/abyss-1.9.0.tar.gz	1030fcea4bfae942789deefd3a4ffb30653143e02eb6a74c7e4087bb4bf18a14	
acepack	1.3-3.3	src	all	https://depot.galaxyproject.org/package/noarch/acepack_1.3-3.3.tar.gz	3e2c3348a9657da2097e2fca18c7ebaebc44f3acd0491216bd5104edfd1e3e8f	
annotate	1.38.0	src	all	https://github.com/bgruening/download_store/raw/master/DESeq2-1_0_18/annotate_1.38.0.tar.gz	7d3b936982cbd19284b937a207bfa7d411900c1ef8df5d957deb08967d601f33	
annotate	1.40.0	src	all	https://github.com/bgruening/download_store/raw/master/DESeq2-1_2_10/annotate_1.40.0.tar.gz	88e66b6c1d6084822802cf2e8f7a3c38ecf65477dd218781b37db4393c41d966	
annotate	1.44.0	src	all	https://depot.galaxyproject.org/package/noarch/annotate_1.44.0.tar.gz	c191767f5876f8e44a82779749237e91f1e99b3dc6b8e93fe7a8c3e43d91b3ca	
annotate	1.46.1	src	all	https://github.com/bgruening/download_store/raw/master/DESeq2-1_8_1/annotate_1.46.1.tar.gz	a687835e735c74ce1a19127758626986c6bd495cda5be7b17dfd4318ac5640f7	
aragorn	1_2_36	src	all	http://mbio-serv2.mbioekol.lu.se/ARAGORN/Downloads/aragorn1.2.36.tgz	ab06032589e45aa002f8616333568e9ab11034b3a675f922421e5f1c3e95e7b5	
argcomplete	0.8.9	src	all	https://pypi.python.org/packages/source/a/argcomplete/argcomplete-0.8.9.tar.gz	98f04fa2ca22479459d8ba04583dca653a41c2d7a57648ba7f3b4d7e19ea82be	
argh	0.26.1	src	all	https://pypi.python.org/packages/source/a/argh/argh-0.26.1.tar.gz	06a7442cb9130fb8806fe336000fcf20edf1f2f8ad205e7b62cec118505510db	
argparse	1.0.1	src	all	https://depot.galaxyproject.org/package/noarch/argparse_1.0.1.tar.gz	061dd0df56fa5b055641201cecdb207e7e6e3a9bacdae56800bf1bc1f86de80e	
art	2014_11_03	src	all	http://www.niehs.nih.gov/research/resources/assets/docs/artsrcvanillaicecream031114linuxtgz.tgz	31f172ac5953ec32e4ae7787b2aa25e62d55b086647ac1e3e6298bbe39e89645	
atlas	3_10	src	all	https://depot.galaxyproject.org/package/linux/x86_64/atlas/atlas-3.10.2-Linux-x86_64.tar.gz	c36a9edf352aa3652ae2c3cccf752351e12291c1d018da842093f9dc70fa2da3	
atlas	3_11	src	all	http://downloads.sourceforge.net/project/math-atlas/Developer%20%28unstable%29/3.11.11/atlas3.11.11.tar.bz2	4d90bdd0ec7a88494a67e5ed5f9663e71262949181dbb44e3a0eb4fb5d3f4576	
augustus	3_1	src	all	http://bioinf.uni-greifswald.de/augustus/binaries/augustus-3.1.tar.gz	c7648f76d49ae378ef4c0758950441be010e51064c877ff0ec18d475b3965814	
ballgown	1.0.3	src	all	https://depot.galaxyproject.org/package/noarch/ballgown_1.0.3.tar.gz	f79f0db8d9aa7a3c56feb1034dfd4f8fccb4aa4f962c88aebdd1cac728b19698	
bamtools	2_3_0_2d7685d2ae	src	all	http://depot.galaxyproject.org/package/linux/x86_64/bamtools/bamtools-2.3.0_2d7685d2ae.tar.gz	55bb47cd845883f5e463d02e660743f11b190cf4ee6d6374647cd5179a54cc8b	
barrnap	0_2	src	all	http://www.vicbioinformatics.com/barrnap-0.2.tar.gz	b664b68cec8f881c47785ffe81167c2ec106aedf09be32ed71452398609d6310	
barrnap	0_3	src	all	http://www.vicbioinformatics.com/barrnap-0.3.tar.gz	f99a808a3b304748fff0394e4e048a8efb0a52ee309b6a4f7296e3e2cf05ce69	
barrnap	0_7	src	all	https://github.com/tseemann/barrnap/archive/0.7.tar.gz	ef2173e250f06cca7569c03404c9d4ab6a908ef7643e28901fbe9a732d20c09b	
base64enc	0.1-2	src	all	https://depot.galaxyproject.org/package/noarch/base64enc_0.1-2.tar.gz	05fed8fde229fce48f5b9cd34f3bf92f2ca63d6038ba7cb9d37a2904e83e4b34	
bcbio-gff	0.6.2	src	all	https://pypi.python.org/packages/source/b/bcbio-gff/bcbio-gff-0.6.2.tar.gz	c682dc46a90e9fdb124ab5723797a5f71b2e3534542ceff9f6572b64b9814e68	
bcftools	1_2	linux	x64	http://depot.galaxyproject.org/package/linux/x86_64/bcftools/bcftools-1.2-Linux-x86_64.tgz	724ee7c3be16df44fa2b41adbe1358cdcf2830face99e897a4a77bbd6baa57d8	
bedtools	2_19	src	all	https://github.com/arq5x/bedtools2/releases/download/v2.19.1/bedtools-2.19.1.tar.gz	17253439e8191cb51a8bffba640c580e09ba158d3a0c66649e53d23ee3e50f77	
bedtools	2_20	src	all	https://github.com/arq5x/bedtools2/releases/download/v2.20.1/bedtools-2.20.1.tar.gz	b5401810f8b12b683575f0119521dda64ff2f0a59faa308357405c4ae4e328d3	
bedtools	2_22	src	all	https://github.com/arq5x/bedtools2/releases/download/v2.22.1/bedtools-2.22.1.tar.gz	43ab5da6b41350bbef78ea2ee5be0609fb02d76b920a3301b687a39af7017233	
bedtools	2_24	src	all	https://github.com/arq5x/bedtools2/releases/download/v2.24.0/bedtools-2.24.0.tar.gz	ea73b8620468c5a15d4ed96dc98c83e5564880bb9651cd75f1dcc96694be60e4	
biomaRt	2.22.0	src	all	http://bioarchive.galaxyproject.org/biomaRt_2.22.0.tar.gz	b309c360f6a65204e71dce65aa0c40af8b0334a5ccefe3b0a16ce438a8ebe41f	
biomaRt	2.24.0	src	all	https://github.com/bgruening/download_store/raw/master/DEXSeq_1.14.2/biomaRt_2.24.0.tar.gz	94cc940443b1e6f691001a4276a6d53304e630a18afd0be95133a5f474a6d8e4	
biopython	1_61	src	all	https://pypi.python.org/packages/source/b/biopython/biopython-1.61.tar.gz	899a3e3779b303a708a8afdd2184d51026da79b0e71eefae65bb0b08200ed791	
biovizBase	1.14.1	src	all	https://depot.galaxyproject.org/package/noarch/biovizBase_1.14.1.tar.gz	ca7996e5d618a7aa40c85831cde582ca7d3766bba80b6982be97b1ee11206dec	
bison	3_0	src	all	ftp://ftp.gnu.org/gnu/bison/bison-3.0.tar.gz	e5b7ec75d0b9a2655d8d1854c4a26789a370db8777ef77874dd453ed181482d2	
bitops	1.0-6	src	all	https://depot.galaxyproject.org/package/noarch/bitops_1.0-6.tar.gz	9b731397b7166dd54941fb0d2eac6df60c7a483b2e790f7eb15b4d7b79c9d69c	
blast_plus	2_2_26	darwin	all	ftp://ftp.ncbi.nlm.nih.gov/blast/executables/blast+/2.2.26/ncbi-blast-2.2.26+-universal-macosx.tar.gz	a18f6421ad20347b66da6af3be1b6c8bf817357b519eefb0d5b9afd230e7ebb2	
boost	1_53	src	all	http://downloads.sourceforge.net/project/boost/boost/1.53.0/boost_1_53_0.tar.bz2	f88a041b01882b0c9c5c05b39603ec8383fb881f772f6f9e6e6fd0e0cddb9196	
boost	1_55	src	all	http://downloads.sourceforge.net/project/boost/boost/1.55.0/boost_1_55_0.tar.gz	19c4305cd6669f2216260258802a7abc73c1624758294b2cad209d45cc13a767	
boost	1_57	src	all	http://sourceforge.net/projects/boost/files/boost/1.57.0/boost_1_57_0.tar.gz	fea9c7472f7a52cec2a1640958145b2144bf17903a21db65b95efb6ae5817fa5	
bowtie2	2_1_0	darwin	x32	http://depot.galaxyproject.org/package/darwin/i386/bowtie2/bowtie2-2.1.0-macos-i386.tgz	644308de12b84b5fa92896452af1dda5945c89f77315d0e76d63523fe4d320bd	
bowtie	0_12_7	darwin	x32	http://depot.galaxyproject.org/package/darwin/i386/bowtie/bowtie-0.12.7-macos-10.5-i386.tgz	462355de35b011415af05916d6b03c6acad688c30c9ccbf1ccdd9e9c05bc5c93	
bowtie	1_0_0	src	all	http://downloads.sourceforge.net/project/bowtie-bio/bowtie/1.0.0/bowtie-1.0.0-src.zip	51e434a78e053301f82ae56f4e94f71f97b19f7175324777a7305c8f88c5bac5	
bowtie	2_2_4	darwin	x64	http://depot.galaxyproject.org/package/darwin/x86_64/bowtie2/bowtie2-2.2.4-macos-x86_64.tgz	5b18596a44138203a5b75f5ab172c79f8c4117101f9f89ff1d4f39934a81f92a	
bowtie	2_2_5	linux	x64	https://depot.galaxyproject.org/package/linux/x86_64/bowtie2/bowtie2-2.2.5-Linux-x86_64.tar.gz	be99a1a2249c8f7097a89244b15e078b0a3489e136284a0dd876978db0a9024a	
brew	1.0-6	src	all	https://depot.galaxyproject.org/package/noarch/brew_1.0-6.tar.gz	d70d1a9a01cf4a923b4f11e4374ffd887ad3ff964f35c6f9dc0f29c8d657f0ed	
bwa	0_5_9	darwin	x64	http://depot.galaxyproject.org/package/darwin/x86_64/bwa/bwa-0.5.9-Darwin-x86_64.tgz	083276bc36bb6f2e837a521d61b04e445ed133f0f5242a00e42a7cec8ce88f0b	
bwa	0_6_2	src	all	http://downloads.sourceforge.net/project/bio-bwa/bwa-0.6.2.tar.bz2	8783e5640d8e4ae028e048c56db1d6b4adff6234d1047bd4f98247ffc3be69e6	
bwa	0_7_10_039ea20639	src	all	http://depot.galaxyproject.org/package/linux/x86_64/bwa/bwa-0.7.10.039ea20639.tar.gz	03ae71c3c23b1afe4c7b0f6baadbeb7b18c0193770c0dde62a1a39f2564915f4	
bwa	0_7_7	src	all	http://downloads.sourceforge.net/project/bio-bwa/bwa-0.7.7.tar.bz2	2c44b63c23b04b878e28d5dc0c6145bbb2d6244ef9b588cdc0cdfeebac75e569	
bx-python	0.7.2	src	all	https://pypi.python.org/packages/source/b/bx-python/bx-python-0.7.2.tar.gz	b083b2c87807bbfa5b11196754768147ca5bb15001cb0dd76ef217065b4ca451	
bx_python	0_7	src	all	https://pypi.python.org/packages/source/b/bx-python/bx-python-0.7.1.tar.gz	9ff7b5354de03c463da6d245d3256a41966e718a16f4021b7f8d4861305c9ea1	
bzlib	1_0	src	all	http://www.bzip.org/1.0.6/bzip2-1.0.6.tar.gz	a2848f34fcd5d6cf47def00461fcb528a0484d8edef8208d6d2e2909dc61d9cd	
caTools	1.17.1	src	all	https://github.com/bgruening/download_store/raw/master/DESeq2-1_6_1/caTools_1.17.1.tar.gz	d32a73febf00930355cc00f3e4e71357412e0f163faae6a4bf7f552cacfe9af4	
cairo	1_12_14	src	all	http://depot.galaxyproject.org/package/source/cairo/cairo-1.12.14.tar.bz2	7d7060c2180b95e0d0e0a840499df48de3571e37ca6bef51325377fe7ca28ae6	
cairo	1_14_2	src	all	https://github.com/bgruening/download_store/raw/master/cairo/cairo-1.14.2.tar.bz2	0772ce92cabbcc18d4c699430d7eb89e56d5c0659de64e92cb88ec1496e8e18e	
ccat	3_0	src	all	http://cmb.gis.a-star.edu.sg/ChIPSeq/tools/CCAT3.0.tar.gz	d8944465c8327bec22eb41059ba73f780fcdcedf4470507bfdae5a54c59a9b07	
cd_hit_auxtools	0_5_2012_03_07_fix_dan	darwin	x64	http://depot.galaxyproject.org/package/darwin/x86_64/cd-hit-auxtools/cd-hit-auxtools-0.5-2012-03-07-fix-dan-gh-0.0.1-Darwin-x86_64.tgz	121ef7ff503b6745b4b137344ba2179d5cd68d0373ce90a889fea571a4fe679c	
checkmate	1.5.1	src	all	https://depot.galaxyproject.org/package/noarch/checkmate_1.5.1.tar.gz	0f837be7b92ccc7e2ed6930f342cfaab0213d2df2b82052a4788c8a399bd9c04	
chemfp	1_1	src	all	http://chem-fingerprints.googlecode.com/files/chemfp-1.1p1.tar.gz	1beb7d0d19eeac231d21d59446db117e2e4f0f31bb03af57a59d2ad2e672a482	
clustalw	2_1	src	all	http://www.clustal.org/download/current/clustalw-2.1.tar.gz	e052059b87abfd8c9e695c280bfba86a65899138c82abccd5b00478a80f49486	
cluster	2.0.1	src	all	https://github.com/bgruening/download_store/raw/master/monocle/cluster_2.0.1.tar.gz	4c948e0d86eb5a1d966663966ac877b1da8d4c95abd3b552e8672ee59bdf8226	
cluster	2.0.3	src	all	https://github.com/bgruening/download_store/raw/master/DESeq2-1_8_1/cluster_2.0.3.tar.gz	286671702b1ac4c4e918faa8b43cd7fe7561ce02ca5f62823be5f136d6674e0e	
cmake	3_2_3	src	all	http://www.cmake.org/files/v3.2/cmake-3.2.3.tar.gz	a1ebcaf6d288eb4c966714ea457e3b9677cdfde78820d0f088712d7320850297	
codetools	0.2-10	src	all	https://depot.galaxyproject.org/package/noarch/codetools_0.2-10.tar.gz	329125c0f60092bad43569823fc9cda2a010e3abe82c27030afae23a4970383e	
codetools	0.2-9	src	all	https://depot.galaxyproject.org/package/noarch/codetools_0.2-9.tar.gz	6cebda59bc9900998690eb073bc62799bd9e6e67d4fa22908df2d98ee6747334	
colorspace	1.2-4	src	all	https://depot.galaxyproject.org/package/noarch/colorspace_1.2-4.tar.gz	d09cda442d61c9f70631c5024013e67596a2da134ca722d30ab2494c199bfbde	
colorspace	1.2-6	src	all	https://github.com/bgruening/download_store/raw/master/DESeq2-1_8_1/colorspace_1.2-6.tar.gz	ba3165c5b906edadcd1c37cad0ef58f780b0af651f3fdeb49fbb2dc825251679	
combinat	0.0-8	src	all	https://github.com/bgruening/download_store/raw/master/monocle/combinat_0.0-8.tar.gz	1513cf6b6ed74865bfdd9f8ca58feae12b62f38965d1a32c6130bef810ca30c1	
cran_kernlab	0_1_4	src	all	http://cran.r-project.org/src/contrib/Archive/kernlab/kernlab_0.1-4.tar.gz	a522c22270050968a30118a16546054b82a01bcb845e975ba06584acc91169cf	
cran_yacca	1_0	src	all	http://cran.r-project.org/src/contrib/Archive/yacca/yacca_1.0.tar.gz	e47f80e69fea87f1775d4439e6739914e734eac42832954b31f2a11df9011808	
cufflinks	2_1_1	darwin	x64	http://cole-trapnell-lab.github.io/cufflinks/assets/downloads/cufflinks-2.1.1.OSX_x86_64.tar.gz	5955a2650c548b4f50a8407ce7302855590e7eca325ee9db6a6edfd54653218e	
cufflinks	2_2_1	darwin	x64	http://cole-trapnell-lab.github.io/cufflinks/assets/downloads/cufflinks-2.2.1.OSX_x86_64.tar.gz	98a78cdf9e38783f9809d74faadc70654977d5f6120e262ef623a04840da00c6	
cummeRbund	2.8.2	src	all	https://depot.galaxyproject.org/package/noarch/cummeRbund_2.8.2.tar.gz	e29029ae9a9e12134475c85451eba8f0b45b214606ce241486bd14cb1660849b	
cutadapt	1_8	src	all	https://pypi.python.org/packages/source/c/cutadapt/cutadapt-1.8.tar.gz	b72e55b36d319567ecc586b99db91cc8b3240e1e5fcd8237ad0e22d69ea317b8	
cython	0_20_1	src	all	http://cython.org/release/Cython-0.20.1.tar.gz	31a563744a21d7b10355f25a3bca96b37ec5d32bdecfc75e93d65a5f7e62766c	
cython	0_23_1	src	all	https://pypi.python.org/packages/source/C/Cython/Cython-0.23.1.tar.gz	bdfd12d6a2a2e34b9a1bbc1af5a772cabdeedc3851703d249a52dcda8378018a	
datamash	1_0_6	src	all	http://ftp.gnu.org/gnu/datamash/datamash-1.0.6.tar.gz	0154c25c45b5506b6d618ca8e18d0ef093dac47946ac0df464fb21e77b504118	
deeptools	1.5.10	src	all	https://github.com/fidelram/deepTools/archive/1.5.10.tar.gz	b5a1e3dd28f4c1365e67b7bcda435588315f1cb0303e12caab15054a30307336	
deeptools	1.5.11	src	all	https://github.com/fidelram/deepTools/archive/1.5.11.tar.gz	20c885c2cdf68f5644d12a84d9fe48907b4f59ef5e4a88e579ec7a0e3f3ca339	
dichromat	2.0-0	src	all	https://depot.galaxyproject.org/package/noarch/dichromat_2.0-0.tar.gz	31151eaf36f70bdc1172da5ff5088ee51cc0a3db4ead59c7c38c25316d580dd1	
digest	0.6.4	src	all	https://github.com/bgruening/download_store/raw/master/gatk2_R_deps/digest_0.6.4.tar.gz	334026e7de098e228ea2ca40f956cab6414780f4d8699880d9ce296a309dab1b	
digest	0.6.7	src	all	https://depot.galaxyproject.org/package/noarch/digest_0.6.7.tar.gz	8862a0205699b4820c3a0945d2e69640f6519178b6cfbfb8c172da14bbc745be	
digest	0.6.8	src	all	https://depot.galaxyproject.org/package/noarch/digest_0.6.8.tar.gz	3062422c2ca917e52749464d63084a0d3cc061f59083f069280ec26336ce2f55	
dill	0_2	src	all	https://pypi.python.org/packages/source/d/dill/dill-0.2.1.tgz	c0223a75afeef28734c6cd1ca40bd676e010209789f2e3986bbb4ca66d3754d4	
e2fsprogs	1_42_9	src	all	http://downloads.sourceforge.net/project/e2fsprogs/e2fsprogs/v1.42.9/e2fsprogs-1.42.9.tar.gz	2f92ac06e92fa00f2ada3ee67dad012d74d685537527ad1241d82f2d041f2802	
eden	1_1	src	all	https://github.com/bgruening/download_store/raw/master/EDeN/EDeN-1.1.0.tar.gz	6709b7dac2dc90f6d914fda33ecc807390a136306e04c63b0ae6f764081db050	
eden	1_3	src	all	https://github.com/bgruening/download_store/raw/master/EDeN/EDeN-1.3.5.tar.gz	c73d50928126c2532e264ff120bddfe380e13249b9157c335e724038841c83c3	
edgeR	3.11.0	src	all	https://bioarchive.galaxyproject.org/edgeR_3.11.0.tar.gz	342cedff198241e3eeaa7ff033de27f535ee8290e47e971a460d378ce4388180	
eigen	2_0	src	all	http://bitbucket.org/eigen/eigen/get/2.0.17.tar.gz	705028db65db7c1e393cdf55018754bf0696e376603a48a33b781bc85406ff1e	
eigen	3_1	src	all	http://bitbucket.org/eigen/eigen/get/3.1.3.tar.gz	2ea0ba3eb9ac7ec623d8be92be4ee651191532cb311e0c979d65da9bc6c5143a	
eigen	3_2_0	src	all	http://bitbucket.org/eigen/eigen/get/3.2.0.tar.bz2	011f78960d939227f9276173d0c4cc0053bb9e0a7356539a9a6c7c89d984fab6	
emboss	5_0_0	darwin	x64	http://depot.galaxyproject.org/package/darwin/x86_64/emboss/emboss-5.0.0-Darwin-x86_64.tgz	12d85568440af4d5a9f8c4f0fef439c70a3ac4c380b3d3116b827b8e839e385f	
expat	2_1	src	all	https://downloads.sourceforge.net/project/expat/expat/2.1.0/expat-2.1.0.tar.gz	823705472f816df21c8f6aa026dd162b280806838bb55b3432b0fb1fcca7eb86	
express	1_1_1	darwin	x64	http://bio.math.berkeley.edu/eXpress/downloads/express-1.1.1/express-1.1.1-macosx_x86_64.tgz	6622e68de7b54a97b8d09abacc507b7696d83874bda9951a8bac73b059438c44	
express	1_5_1	darwin	x64	http://bio.math.berkeley.edu/eXpress/downloads/express-1.5.1/express-1.5.1-macosx_x86_64.tgz	0582ab08440570f1686c0b075c32bed12a21d3c53ad52517768b95538a4df44b	
ez_setup	0_9	src	all	https://pypi.python.org/packages/source/e/ez_setup/ez_setup-0.9.tar.gz	303c5b17d552d1e3fb0505d80549f8579f557e13d8dc90e5ecef3c07d7f58642	
fail	1.2	src	all	https://depot.galaxyproject.org/package/noarch/fail_1.2.tar.gz	9fa037f5bff4ad3821ef1af4fe2986f2900cfa9a69d11f7a800a081cc359fb77	
fastICA	1.2-0	src	all	https://github.com/bgruening/download_store/raw/master/monocle/fastICA_1.2-0.tar.gz	19b82a4b680977e5e101d7cd2dbdb227cabd0a8a929368c213aa95a91d3a737a	
fastcluster	1.1.13	src	all	https://depot.galaxyproject.org/package/noarch/fastcluster_1.1.13.tar.gz	6a14810aff8fb53e5d193a35c810c642a45e563610371b13c7afe0fa1ea27542	
fastqc	0_10_1	src	all	http://www.bioinformatics.babraham.ac.uk/projects/fastqc/fastqc_v0.10.1.zip	50b20e3e8721219008234da0747319dd4453a6d8408f17199ac2d020cfa01098	
fastqc	0_11_2	src	all	http://www.bioinformatics.babraham.ac.uk/projects/fastqc/fastqc_v0.11.2.zip	f362b141e696d67442fa16c3a71118936e0b14a0343bb88735973a920cbaef09	
fastx_toolkit	0_0_13	darwin	x32	http://depot.galaxyproject.org/package/darwin/i386/fastx_toolkit/0.0.13.tar.bz2	761277d3444758f283c70d55d747ddd633de2d9cfefc2de9caa1ee0ebae49d28	
findpython	1.0.1	src	all	https://depot.galaxyproject.org/package/noarch/findpython_1.0.1.tar.gz	daae23af58e19bf6f80dfe0068b8ae705251b5aebc7ee2159193b1c4ec0f4039	
fontconfig	2_11_1	src	all	http://www.freedesktop.org/software/fontconfig/release/fontconfig-2.11.1.tar.gz	b6b066c7dce3f436fdc0dfbae9d36122b38094f4f53bd8dffd45e195b0540d8d	
foreach	1.4.2	src	all	https://depot.galaxyproject.org/package/noarch/foreach_1.4.2.tar.gz	d4fd8f090029d9b9168ae415e6ab13ef017f06f1879488a2e0af4bcfd999ff24	
foreign	0.8-66	src	all	https://github.com/bgruening/download_store/raw/master/DESeq2-1_8_1/foreign_0.8-66.tar.gz	d7401e5fcab9ce6e697d3520dbb8475e229c30341c0004c4fa489c82aa4447a4	
freebayes	0_9_14_8a407cf5f4	src	all	http://depot.galaxyproject.org/package/linux/x86_64/freebayes/freebayes-0.9.14_8a407cf5f4-Linux-x86_64.tgz	8b6f6582816b8b529a15d0e836cfd2a6d738712359e0d9222eaf515eb7f00e72	
freebayes	0_9_18_0059bdf	src	all	http://depot.galaxyproject.org/package/linux/x86_64/freebayes/freebayes-0.9.18_0059bdf.tar.gz	0d00f2aa06d115faa77b42f295e1e21c96ef9512c800adc89c71fe1d5b37df0a	
freebayes	0_9_20_b040236	src	all	http://depot.galaxyproject.org/package/linux/x86_64/freebayes/freebayes-0.9.20_b040236.tar.gz	d7b302218e368576d39de827c709ab462e83a8f655494470ff75d5781fc8f825	
freebayes	0_9_6_9608597d	darwin	x64	http://depot.galaxyproject.org/package/darwin/x86_64/freebayes/freebayes-0.9.6_9608597d-Darwin-x86_64.tgz	3fa1487cf9a0acac47babda6786ef1d6934181eee208d30a1ed4d7542a138075	
freetype	2_4	src	all	http://download.savannah.gnu.org/releases/freetype/freetype-2.4.11.tar.bz2	ef9d0bcb64647d9e5125dc7534d7ca371c98310fec87677c410f397f71ffbe3f	
freetype	2_5_2	src	all	http://download.savannah.gnu.org/releases/freetype/freetype-2.5.2.tar.gz	376bc32bd907cb6f1a826a9c52627747b6d95259129df0f2c8faf99491168b55	
futile.logger	1.4.1	src	all	https://github.com/bgruening/download_store/raw/master/DESeq2-1_8_1/futile.logger_1.4.1.tar.gz	a1e485e943d288b92a2af3337b333be95d1b51246dd14be9f18ae5ce626894de	
futile.options	1.0.0	src	all	https://github.com/bgruening/download_store/raw/master/DESeq2-1_8_1/futile.options_1.0.0.tar.gz	ee84ece359397fbb63f145d11af678f5c8618570971e78cc64ac60dc0d14e8c2	
galaxy_ops	1_0_0	src	all	http://depot.galaxyproject.org/package/source/gops-1.0.tgz	05c25e4cee35c72cdf4e739215101dcd421c7fb3f3409eddf15aac99f59553b8	
galaxy_utils	1_0	src	all	http://depot.galaxyproject.org/package/source/galaxy_sequence_utils/galaxy_sequence_utils-1.0.0.tgz	da7f408023d50e06c2f70198b7e85729d6e7556cbcf7f180ad6a07818163ee4a	
gatk	1_4	src	all	http://depot.galaxyproject.org/package/noarch/gatk-1.4.tar.gz	9e6cd45643d37f5ee37a11944b555b9ea217a6b22e25fc2e9988eea4d84d2e6c	
gb_taxonomy	8d245994d7	src	all	https://github.com/spond/gb_taxonomy_tools/archive/8d245994d77546daac1f595b87a110a620426b4c.tar.gz	56b746cf6f0da7768bc7ef0c31c19bd014fdbc8e11aa90d7779d89ccfae12971	
gdata	2.13.3	src	all	https://github.com/bgruening/download_store/raw/master/DESeq2-1_6_1/gdata_2.13.3.tar.gz	554c973955a5d768359f56556effff6a7acd9e859d98ab13fa010df01fa16516	
gdbm	1_11	src	all	ftp://ftp.gnu.org/gnu/gdbm/gdbm-1.11.tar.gz	8d912f44f05d0b15a4a5d96a76f852e905d051bb88022fcdfd98b43be093e3c3	
genefilter	1.42.0	src	all	https://github.com/bgruening/download_store/raw/master/DESeq2-1_0_18/genefilter_1.42.0.tar.gz	2e4ff4ba02e85796bb0bc6546d429e367801c625aeae9c3f21b67b18aa6d023e	
genefilter	1.44.0	src	all	https://github.com/bgruening/download_store/raw/master/DESeq2-1_2_10/genefilter_1.44.0.tar.gz	09cc9121e1905adb7b44365288e1b972dbf1b78345886b6305e4de2ded41c48b	
genefilter	1.48.1	src	all	https://depot.galaxyproject.org/package/noarch/genefilter_1.48.1.tar.gz	31356f8eabecd6b4fe6124edcf9cd6b258481ff124061d709f49cb10f29691f6	
genefilter	1.50.0	src	all	https://github.com/bgruening/download_store/raw/master/DESeq2-1_8_1/genefilter_1.50.0.tar.gz	3808a8d5d9853c7915c5ba74e992d96470c4d546d7d6cbea03c4e43e5b68df77	
geneplotter	1.46.0	src	all	https://github.com/bgruening/download_store/raw/master/DESeq2-1_8_1/geneplotter_1.46.0.tar.gz	ba930931a39ffbe5aa243b0886844921afdf7028ab904fd50aa4edcb63e1d257	
gengetopt	2_22_6	src	all	ftp://ftp.gnu.org/gnu/gengetopt/gengetopt-2.22.6.tar.gz	30b05a88604d71ef2a42a2ef26cd26df242b41f5b011ad03083143a31d9b01f7	
getopt	1.20.0	src	all	https://depot.galaxyproject.org/package/noarch/getopt_1.20.0.tar.gz	f920baa2a0ef7082155c8b666851af0c77534af8b2ca0cd067e7d56fdf3ec501	
gffutils	0.8.4rc1	src	all	https://pypi.python.org/packages/source/g/gffutils/gffutils-0.8.4rc1.tar.gz	63d3ec216bb395ff8d9f9033f8aa83f82130e4ef229273e37beb1034580da666	
ggplot2	0.9.3.1	src	all	https://github.com/bgruening/download_store/raw/master/gatk2_R_deps/ggplot2_0.9.3.1.tar.gz	b4c97404fd44571f9980712af963949ed204b5d4e639d97df9ba9a17423a6601	
ggplot2	1.0.0	src	all	https://depot.galaxyproject.org/package/noarch/ggplot2_1.0.0.tar.gz	e6effb8065f030903c760ee238c8890ce85e462fe3c12a5521a983fcd1ed198d	
ggplot2	1.0.1	src	all	https://github.com/bgruening/download_store/raw/master/DESeq2-1_8_1/ggplot2_1.0.1.tar.gz	40248e6b31307787e44e45d806e7a33095844a9bbe864cc7583dd311b19c241d	
ghostscript	9_07	src	all	http://downloads.ghostscript.com/public/ghostscript-9.07.tar.gz	44800d004c53f13192d1b5db413119198ddfc8a11c4d2a030aac2f2fda822ebf	
ghostscript	9_10	darwin	x64	http://depot.galaxyproject.org/package/darwin/x86_64/ghostscript/ghostscript-9.10-Darwin-x86_64.tgz	074fec88899afbcb2fc084bae3c059055d2d9e9b53cce23f076087f956071663	
gnu_awk	4_1_0	src	all	http://ftp.gnu.org/gnu/gawk/gawk-4.1.0.tar.gz	79f81b09bc3cce50e083f78acc0f91783821ad30866615d30dd1731f17ec440b	
gnu_coreutils	8_21	src	all	https://github.com/bgruening/download_store/raw/master/GNU/coreutils-8.21.tar.bz2	2d0fa1aff8ab612e37cbc96f8d4c2538aab836e7369b072a39c3314699424883	
gnu_coreutils	8_22	src	all	https://github.com/bgruening/download_store/raw/master/GNU/coreutils-8.22.tar.bz2	ee9f39144f96ca29c862c0c4fd09e5d186b9079b12ff509653f390fc1fda67cc	
gnu_grep	2_14	src	all	https://github.com/bgruening/download_store/raw/master/GNU/grep-2.14.tar.bz2	abff7acabf664fc7c25a29c9ae8b3b5b44a84e95a553810f275019e568f7c6e3	
gnu_parallel	20131122	src	all	ftp://ftp.gnu.org/gnu/parallel/parallel-20131122.tar.bz2	ef5e0af618cd71c2a2d96ab3aa800ca44e6fab830092176db4b3468b747e29d0	
gnu_sed	4_2_2_sandbox	src	all	http://ftp.gnu.org/gnu/sed/sed-4.2.2.tar.gz	fea0a94d4b605894f3e2d5572e3f96e4413bcad3a085aae7367c2cf07908b2ff	
gnuplot	4_6	src	all	http://downloads.sourceforge.net/project/gnuplot/gnuplot/4.6.6/gnuplot-4.6.6.tar.gz	ab339be7847d30a8acfd616f27b5021bfde0999b7bf2d68400fbe62c53106e21	
gnuplot_py	1_8	src	all	http://downloads.sourceforge.net/project/gnuplot-py/Gnuplot-py/1.8/gnuplot-py-1.8.tar.gz	1f19596fd09045f22225afbfec11fa91b9ad1d95b9f48406362f517d4f130274	
gplots	2.14.2	src	all	https://github.com/bgruening/download_store/raw/master/DESeq2-1_6_1/gplots_2.14.2.tar.gz	8cb2ef4309f44eb049f0a8761d3b2aaf636e0ec2323942ec0c27fd8b4912abf9	
graphicsmagick	1_3	src	all	http://sourceforge.net/projects/graphicsmagick/files/graphicsmagick/1.3.18/GraphicsMagick-1.3.18.tar.gz	c7335428fd932cfb25383dd581ffc8d65131ce623864374847d5e4f4654c0b68	
graphicsmagick	1_3_20	src	all	http://sourceforge.net/projects/graphicsmagick/files/graphicsmagick/1.3.20/GraphicsMagick-1.3.20.tar.gz	0f7463318f5d9a4b429655dd43642a7a93dae561360637093182fbf5ac4fdc88	
gridExtra	2.0.0	src	all	https://github.com/bgruening/download_store/raw/master/DESeq2-1_8_1/gridExtra_2.0.0.tar.gz	27dc76f75eb08f99a4ab0f629a016250722368528ca6b515edb0b0339acbdea7	
gsl	1_16	src	all	http://ftp.u-tx.net/gnu/gsl/gsl-1.16.tar.gz	73bc2f51b90d2a780e6d266d43e487b3dbd78945dd0b04b14ca5980fe28d2f53	
gtable	0.1.2	src	all	https://depot.galaxyproject.org/package/noarch/gtable_0.1.2.tar.gz	b08ba8e62e0ce05e7a4c07ba3ffa67719161db62438b04f14343f8928d74304d	
gtools	3.4.1	src	all	https://github.com/bgruening/download_store/raw/master/DESeq2-1_6_1/gtools_3.4.1.tar.gz	fa2b8351223369a13f4e922f13e8c836459a9522c775a455afd5e2b18941bb34	
hdf5	1_8_12	src	all	https://github.com/bgruening/download_store/raw/master/hdf5/hdf5-1.8.12.tar.gz	b5cccea850096962b5fd9e96f22c4f47d2379224bb41130d9bc038bb6c37dfcb	
hisat	0_1_6	darwin	x64	https://depot.galaxyproject.org/package/darwin/x86_64/hisat/hisat-0.1.6-beta-OSX_x86_64.tgz	80cb2ab3d58889abf4c25a7fe1e92e39273259fb706f71b9f3ec2bf181495248	
hisat	2_0	darwin	x64	http://ccb.jhu.edu/software/hisat2/downloads/hisat2-2.0.0-beta-OSX_x86_64.zip	12ce17a34d3c3e5f546e6204a49aeb65c860c42fce7ac2a77c6c0b690d934fbf	
hmmer	3_1b1	src	all	ftp://selab.janelia.org/pub/software/hmmer3/3.1b1/hmmer-3.1b1.tar.gz	246f5e32545d3a5706d065d8413fc8fc5445e779a97019e98ba319e5ef9dc1d8	
hmmer	3_1b2	src	all	ftp://selab.janelia.org/pub/software/hmmer3/3.1b2/hmmer-3.1b2.tar.gz	dd16edf4385c1df072c9e2f58c16ee1872d855a018a2ee6894205277017b5536	
homer	4_2	src	all	http://biowhat.ucsd.edu/homer/homer.v4.2.zip	e3b0c44298fc1c149afbf4c8996fb92427ae41e4649b934ca495991b7852b855	
htseq	0_6	src	all	https://pypi.python.org/packages/source/H/HTSeq/HTSeq-0.6.1.tar.gz	9bff6779595ea13c10137dad3bc4ecfd046b0bc620990eaa08920a29dcbd05c5	
hwriter	1.3.2	src	all	https://github.com/bgruening/download_store/raw/master/DEXSeq_1.14.2/hwriter_1.3.2.tar.gz	6b3531d2e7a239be9d6e3a1aa3256b2745eb68aa0bdffd2076d36552d0d7322b	
igraph	0.7.1	src	all	https://github.com/bgruening/download_store/raw/master/monocle/igraph_0.7.1.tar.gz	07cfd3273c3b091d9cdc189bd8fe4153888771baeaa3b65a0c0671293f186bdb	
imaging	1_1_7	src	all	http://effbot.org/downloads/Imaging-1.1.7.tar.gz	895bc7c2498c8e1f9b99938f1a40dc86b3f149741f105cf7c7bd2e0725405211	
infernal	1_1	src	all	ftp://selab.janelia.org/pub/software/infernal/infernal-1.1.tar.gz	8891822c7935bdfb4fc9a28e6a563584a0564c17745a54984ef3242af704b3f8	
infernal	1_1rc4	src	all	ftp://selab.janelia.org/pub/software/infernal/infernal-1.1rc4.tar.gz	d1f2f70e952e8a8a9ba3bae8a7b45666049dddca3bfc5e1fb9e8e845e0ed995b	
inputproto	2_2	src	all	ftp://ftp.x.org/pub/X11R7.7/src/proto/inputproto-2.2.tar.bz2	de7516ab25c299740da46c0f1af02f1831c5aa93b7283f512c0f35edaac2bcb0	
irlba	1.0.3	src	all	https://github.com/bgruening/download_store/raw/master/monocle/irlba_1.0.3.tar.gz	deaf82b5670f91bc65a0ff31a2f03c540e210539251c5e0e10b2a707d3ac5ec0	
iterators	1.0.7	src	all	https://depot.galaxyproject.org/package/noarch/iterators_1.0.7.tar.gz	1bf74e5a5603b2b2d3deecb801ca1796e2b2c3f08c488c497725c5cb205798ff	
jbrowse	1_11_6	src	all	http://jbrowse.org/wordpress/wp-content/plugins/download-monitor/download.php?id=99&amp;fmt=.zip	4beb1bf53d1843a96e326b71f814c0d55081a63b7204bf75e9c28b8b0e93cf4b	
jellyfish	1_1_11	src	all	http://www.cbcb.umd.edu/software/jellyfish/jellyfish-1.1.11.tar.gz	496645d96b08ba35db1f856d857a159798c73cbc1eccb852ef1b253d1678c8e2	
kbproto	1_0_6	src	all	ftp://ftp.x.org/pub/X11R7.7/src/proto/kbproto-1.0.6.tar.bz2	037cac0aeb80c4fccf44bf736d791fccb2ff7fd34c558ef8f03ac60b61085479	
khmer	2.0	src	all	https://pypi.python.org/packages/source/k/khmer/khmer-2.0.tar.gz	6a8c6809b50adaf2d7d7307eefcca173f4b536329562530400fb1c88a12e6071	
kraken	0_10_5	linux	x64	https://depot.galaxyproject.org/package/linux/x86_64/kraken/kraken-0.10.5-beta-Linux-x86_64.tar.gz	091fb2bfa6e834921f4cc404ef828181d51408f4413ed189b65f777db4295115	
krona	2_5	src	all	https://depot.galaxyproject.org/package/source/KronaTools-2.5.tar	0a0f04949b153df7ec0a06192278c138cd3215ede3dec36063a3a5708f07fa8a	
labeling	0.2	src	all	https://github.com/bgruening/download_store/raw/master/gatk2_R_deps/labeling_0.2.tar.gz	8aaa7f8b91923088da4e47ae42620fadcff7f2bc566064c63d138e2145e38aa4	
labeling	0.3	src	all	https://depot.galaxyproject.org/package/noarch/labeling_0.3.tar.gz	0d8069eb48e91f6f6d6a9148f4e2dc5026cabead15dd15fc343eff9cf33f538f	
labels	1_0_5	src	all	https://pypi.python.org/packages/source/l/lapels/lapels-1.0.5.tar.gz	2af0a857c0d0281190ca7b0335220c2ab9c14b207b15126c45529394f2c3164e	
lambda.r	1.1.7	src	all	https://github.com/bgruening/download_store/raw/master/DESeq2-1_8_1/lambda.r_1.1.7.tar.gz	8ae36527124752f7af01eb84a55fa77716226b0e76dd03966b83d9583dcfbfd3	
lastz	1_02_00	darwin	x64	http://depot.galaxyproject.org/package/darwin/x86_64/lastz/lastz-1.02.00-Darwin-x86_64.tgz	f6a20429bd93873ffc917381eb0808d325b166ff947008213973463b26bb520a	
latticeExtra	0.6-26	src	all	https://depot.galaxyproject.org/package/noarch/latticeExtra_0.6-26.tar.gz	0d1410f279d515a99c102824cc11ad2b024c86ee6af982cb45ea55739e06a09b	
lattice	0.20-29	src	all	https://depot.galaxyproject.org/package/noarch/lattice_0.20-29.tar.gz	3a69b35d0d56ec3fec35acab6187ebda3d836f6b08ae93246ec8f83c03c7e646	
lattice	0.20-30	src	all	https://depot.galaxyproject.org/package/noarch/lattice_0.20-30.tar.gz	528ce0a6378334de47e11a1a7efe0f4b3b1c8b44ec8e3f0720bd9e5b122d2881	
lattice	0.20-31	src	all	https://depot.galaxyproject.org/package/noarch/lattice_0.20-31.tar.gz	e3b0c44298fc1c149afbf4c8996fb92427ae41e4649b934ca495991b7852b855	
lattice	0.20-33	src	all	https://github.com/bgruening/download_store/raw/master/DESeq2-1_8_1/lattice_0.20-33.tar.gz	8f46260a14364d945c7b74587cdb54986f36303588dd14010a33d15dba085931	
libcurl	7_35	src	all	http://curl.haxx.se/download/curl-7.35.0.tar.gz	917d118fc5d61e9dd1538d6519bd93bbebf2e866882419781c2e0fdb2bc42121	
libffi	3_0	src	all	ftp://sourceware.org/pub/libffi/libffi-3.0.13.tar.gz	1dddde1400c3bcb7749d398071af88c3e4754058d2d4c0b3696c2f82dc5cf11c	
libgd	2_1	src	all	https://bitbucket.org/libgd/gd-libgd/downloads/libgd-2.1.0.tar.gz	3ceef69d5454a392e8793ae90b5f0d632dd3e20879c12856aa1d1d3d063a51c8	
libgd	2_1_0	src	all	https://bitbucket.org/libgd/gd-libgd/downloads/libgd-2.1.0.tar.bz2	f3e1bc472bd81ee976a739436659fe752a14727a964c64530fde68531ddeee91	
libgtextutils	0_6	src	all	http://depot.galaxyproject.org/package/source/fastx_toolkit/libgtextutils-0.6.tar.bz2	5c8a795a80134f0f8bdc62a92b5baf32eb689e40c9fc685c491c648eff5a30ba	
libpng	1_2	src	all	http://download.sourceforge.net/libpng/libpng-1.2.51.tar.gz	2ff1b671b89b04e9288b7282a33f69afcd1db07bf0c16e80c7bbdf2b56056fda	
libpng	1_6_7	src	all	http://downloads.sourceforge.net/project/libpng/libpng16/older-releases/1.6.7/libpng-1.6.7.tar.gz	5d3be409d4ed4425923ad8677fc45497abb43c6b9cfd5beafe7dfc6f2a94f24b	
libpthread_stubs	0_3	src	all	http://xcb.freedesktop.org/dist/libpthread-stubs-0.3.tar.bz2	35b6d54e3cc6f3ba28061da81af64b9a92b7b757319098172488a660e3d87299	
libtool	2_4	src	all	ftp://ftp.gnu.org/gnu/libtool/libtool-2.4.tar.gz	13df57ab63a94e196c5d6e95d64e53262834fe780d5e82c28f177f9f71ddf62e	
libwww-perl	6.08	src	all	http://search.cpan.org/CPAN/authors/id/M/MS/MSCHILLI/libwww-perl-6.08.tar.gz	314d239bdcee4bce849d5c9fe5986a39b2ce12199833ffa32d73a0950531fe94	
libx11	1_5_0	src	all	ftp://ftp.x.org/pub/X11R7.7/src/lib/libX11-1.5.0.tar.bz2	c382efd7e92bfc3cef39a4b7f1ecf2744ba4414a705e3bc1e697f75502bd4d86	
libxau	1_0_8	src	all	ftp://ftp.x.org/pub/individual/lib/libXau-1.0.8.tar.bz2	fdd477320aeb5cdd67272838722d6b7d544887dfe7de46e1e7cc0c27c2bea4f2	
libxcb	1_9_1	src	all	http://xorg.freedesktop.org/archive/individual/xcb/libxcb-1.9.1.tar.bz2	d44a5ff4eb0b9569e6f7183b51fdaf6f58da90e7d6bfc36b612d7263f83e362f	
libxcb_proto	1_8	src	all	http://xcb.freedesktop.org/dist/xcb-proto-1.8.tar.bz2	233d16c7a019235b3092111e7c11429119357eb13754a607b75eea04453121b0	
libxext_proto	7_2_1	src	all	ftp://ftp.x.org/pub/X11R7.7/src/proto/xextproto-7.2.1.tar.bz2	7c53b105407ef3b2eb180a361bd672c1814524a600166a0a7dbbe76b97556d1a	
libxml2	2_9_1	src	all	ftp://xmlsoft.org/libxml2/libxml2-2.9.1.tar.gz	fd3c64cb66f2c4ea27e934d275904d92cec494a8e8405613780cbc8a71680fdb	
libxproto	7_0_23	src	all	ftp://ftp.x.org/pub/X11R7.7/src/proto/xproto-7.0.23.tar.bz2	ade04a0949ebe4e3ef34bb2183b1ae8e08f6f9c7571729c9db38212742ac939e	
libxslt	1_1_28	src	all	ftp://xmlsoft.org/libxml2/libxslt-1.1.28.tar.gz	5fc7151a57b89c03d7b825df5a0fae0a8d5f05674c0e7cf2937ecec4d54a028c	
libxtrans	1_2_7	src	all	ftp://ftp.x.org/pub/X11R7.7/src/lib/xtrans-1.2.7.tar.bz2	7f811191ba70a34a9994d165ea11a239e52c527f039b6e7f5011588f075fe1a6	
libyaml	0_1_5	src	all	http://pyyaml.org/download/libyaml/yaml-0.1.5.tar.gz	fa87ee8fb7b936ec04457bc044cd561155e1000a4d25029867752e543c2d3bef	
limma	3.22.4	src	all	https://github.com/bgruening/download_store/raw/master/monocle/limma_3.22.4.tar.gz	ee0b32badd42621717195979515b5ae8f91aa640c80e8fd5a34cbb570d573565	
limma	3.22.6	src	all	https://depot.galaxyproject.org/package/noarch/limma_3.22.6.tar.gz	011131ed104f5be2eed7d7387877e2fe70c1ac72c1052de12cd2284cb61ce2b3	
limma	3.25.3	src	all	http://bioarchive.galaxyproject.org/limma_3.25.3.tar.gz	b7661fb61a74df2f4fbd0a9ff8fa35ec8f32f0f6de110653e4883f0bfff136e1	
locfit	1.5-9.1	src	all	https://github.com/bgruening/download_store/raw/master/DESeq2-1_0_18/locfit_1.5-9.1.tar.gz	f524148fdb29aac3a178618f88718d3d4ac91283014091aa11a01f1c70cd4e51	
macs2	2_1_0	src	all	https://pypi.python.org/packages/source/M/MACS2/MACS2-2.1.0.20140616.tar.gz	c68a58d3cb6861d7535feee591819853e43c1d252f15abcbb11ce2ad0c8f9586	
macs	1_3_7_1	src	all	http://depot.galaxyproject.org/package/source/MACS-1.3.7.1.tar.gz	8070453d76b36544e2e88e265524b957158cc64ba8907a7da0db9e6845ffda38	
magrittr	1.5	src	all	https://github.com/bgruening/download_store/raw/master/DESeq2-1_8_1/magrittr_1.5.tar.gz	05c45943ada9443134caa0ab24db4a962b629f00b755ccf039a2a2a7b2c92ae8	
matplotlib	1_2	src	all	https://github.com/matplotlib/matplotlib/archive/v1.2.1.tar.gz	a2992dbb77c54c7f5f0c74df2624ac602b1b38dee8c5682a9625f294f3451e36	
matplotlib	1_4	src	all	https://pypi.python.org/packages/source/m/matplotlib/matplotlib-1.4.3.tar.gz	61f201c6a82e89e4d9e324266203fad44f95fd8f36d8eec0d8690273e1182f75	
matrixStats	0.12.2	src	all	https://depot.galaxyproject.org/package/noarch/matrixStats_0.12.2.tar.gz	d7a29f983705d2d9bc0a046d8d725c6e5ddaf0f6f4cd6dfa5e3d7cbf920d5f2a	
matrixStats	0.14.0	src	all	https://github.com/bgruening/download_store/raw/master/monocle/matrixStats_0.14.0.tar.gz	3ada7006d13f72462dd0d93ba30f7336d254a477663abbf5a0cb30d20c1c95be	
mcl	12_135	src	all	http://micans.org/mcl/src/mcl-12-135.tar.gz	e3b0c44298fc1c149afbf4c8996fb92427ae41e4649b934ca495991b7852b855	
meme	4_10_0	darwin	x64	https://depot.galaxyproject.org/package/darwin/x86_64/meme/meme-4.10.0_4-Darwin-x86_64.tgz	1828367166f8c00182bda05e310ef2b7f562e74e2d589f5f4c92caf556546057	
mgcv	1.8-5	src	all	https://depot.galaxyproject.org/package/noarch/mgcv_1.8-5.tar.gz	dcad548be9efbff8737e54082dde5a20cac79f81037eb79586ad68bf403f7c8c	
mine	1_0_1	src	all	http://www.exploredata.net/ftp/MINE.jar	d896d04e3df2c1eb9b6b6d73befa46c73df03eb82bb2339c2696ecc2ca6a01fe	
mono	4_0	src	all	http://download.mono-project.com/sources/mono/mono-4.0.1.tar.bz2	ff1f15f3b8d43c6a2818c00fabe377b2d8408ad14acd9d507658b4cae00f5bce	
monocle	1.0.0	src	all	https://github.com/bgruening/download_store/raw/master/monocle/monocle_1.0.0.tar.gz	ab606f36dc54fe3e703294ab6334804c3967da7cc6038f1600cdb1080f3b271e	
msgfplus	20140210	src	all	http://proteomics.ucsd.edu/Software/MSGFPlus/MSGFPlus.20140210.zip	14b0ca2a168a46650a0d73991f828363e2681f242a0c259e2a47e914653b3e16	
mummer	3_23	src	all	http://sourceforge.net/projects/mummer/files/mummer/3.23/MUMmer3.23.tar.gz	1efad4f7d8cee0d8eaebb320a2d63745bb3a160bb513a15ef7af46f330af662f	
munsell	0.4.2	src	all	https://depot.galaxyproject.org/package/noarch/munsell_0.4.2.tar.gz	84e787f58f626c52a1e3fc1201f724835dfa8023358bfed742e7001441f425ae	
muscle	3_8_31	darwin	x32	http://www.drive5.com/muscle/downloads3.8.31/muscle3.8.31_i86darwin32.tar.gz	12986ce091d72875e5eae6e7cfb3db94ea63007f83c3426e278fe569cdb810f0	
ncurses	5_9	src	all	http://ftp.gnu.org/pub/gnu/ncurses/ncurses-5.9.tar.gz	9046298fb440324c9d4135ecea7879ffed8546dd1b58e59430ea07a4633f563b	
ncurses	6_0	src	all	ftp://invisible-island.net/ncurses/current/ncurses-6.0-20150725.tgz	3c1d9534d6d5b3a691d23199a7621f25ffbfa0ccc333f680fcdfc192ea362c84	
netcdf	4_3	src	all	ftp://ftp.unidata.ucar.edu/pub/netcdf/old/netcdf-4.3.1.1.tar.gz	09a4123d631714f488a2dc43292a7218e5241f2cf9288d2dbc8347d2fe176cad	
networkx	1.9.1	src	all	https://pypi.python.org/packages/source/n/networkx/networkx-1.9.1.tar.gz	6380eb38d0b5770d7e50813c8a48ff7c373b2187b4220339c1adce803df01c59	
networkx	1_9	src	all	https://pypi.python.org/packages/source/n/networkx/networkx-1.9.1.tar.gz	6380eb38d0b5770d7e50813c8a48ff7c373b2187b4220339c1adce803df01c59	
nlme	3.1-120	src	all	https://depot.galaxyproject.org/package/noarch/nlme_3.1-120.tar.gz	4cd65b2187d6155652d8725f62086641da373f23f3bce4170ace92705cb628ca	
nnet	7.3-11	src	all	https://github.com/bgruening/download_store/raw/master/DESeq2-1_8_1/nnet_7.3-11.tar.gz	979ed2fa4f9ec7c10e76188d41bc48f16fc90c3e59c3102714c85e53455ee54d	
numpy	1_7	src	all	https://pypi.python.org/packages/source/n/numpy/numpy-1.7.1.tar.gz	5525019a3085c3d860e6cfe4c0a30fb65d567626aafc50cf1252a641a418084a	
numpy	1_8	src	all	https://pypi.python.org/packages/source/n/numpy/numpy-1.8.1.tar.gz	3d722fc3ac922a34c50183683e828052cd9bb7e9134a95098441297d7ea1c7a9	
numpy	1_9	src	all	https://pypi.python.org/packages/source/n/numpy/numpy-1.9.2.tar.gz	325e5f2b0b434ecb6e6882c7e1034cc6cdde3eeeea87dbc482575199a6aeef2a	
nwalign	0_3_1	src	all	https://pypi.python.org/packages/source/n/nwalign/nwalign-0.3.1.tar.gz	bdbf1948df8421ef744ebf2993341df1f8431bbe41f4ce31241fff88d4d8e781	
octave	3_8	src	all	ftp://ftp.gnu.org/gnu/octave/octave-3.8.1.tar.gz	ead2c481eac9bc0d46922eca87007e7103270b259388a359e3cdba82420f8305	
openbabel	2_3	src	all	http://downloads.sourceforge.net/project/openbabel/openbabel/2.3.2/openbabel-2.3.2.tar.gz	4eaca26679aa6cc85ebf96af19191472ac63ca442c36b0427b369c3a25705188	
openms	2_0	linux	x64	https://depot.galaxyproject.org/package/linux/x86_64/openms/openms-2.0-Linux-x86_64.tar.gz	924c25ec4e6704b831ef6173126b629a831fd44c7bbc456acf3dfc7702939202	
openms	2_0_dev	src	all	https://github.com/OpenMS/OpenMS/archive/develop.tar.gz	6c7bdabe66ea68ba109c8eb05192611084f73b00b4d44234f7458c8df775f547	
openms	2_0_master	src	all	https://github.com/OpenMS/contrib/archive/master.tar.gz	fd911aee59295033464598f32839b401372a5918a9034629667723fc0e889d55	
openssl	1_0	src	all	https://www.openssl.org/source/openssl-1.0.2a.tar.gz	6707b149d485b849d3c313dc5a73d3441fb0d18b4111f2289b488d0b0667269c	
pandas	0_14	src	all	https://pypi.python.org/packages/source/p/pandas/pandas-0.14.1.tar.gz	8d36f69e63f4c36999d142d60e476a6359c77069ad0ed1e4aa16a7005884dd21	
parent	0.232	src	all	https://cpan.metacpan.org/authors/id/C/CO/CORION/parent-0.232.tar.gz	1f8f5c928fd6699a25ead67c23e1159482e7088ce684fbc084b3bcef115e1fc3	
pathoscope	v2.0.6	src	all	https://github.com/PathoScope/PathoScope/archive/v2.0.6.zip	b2bf83a3196d5d6fe6d3ce8a65779c5eb3df5d359bf6f144493d1e7c51b4ab7a	
pcre	8_34	src	all	http://downloads.sourceforge.net/project/pcre/pcre/8.34/pcre-8.34.tar.bz2	b6043ae1ff2720be665ffa28dc22b7c637cdde96f389a116c0c3020caeae583f	
pear	0_9_6	linux	x64	http://sco.h-its.org/exelixis/web/software/pear/files/pear-0.9.6-bin-64.tar.gz	1b3f621745f6ad786b0b20100a730d0d1e1feb018a7a7bcff5557a4925349e49	
perl	5.20.2	src	all	https://cpan.metacpan.org/authors/id/S/SH/SHAY/perl-5.20.2.tar.gz	b1a43992a717d506095856d370550caa11dba8132a4fdaa186a1ae7e1fbd9b9d	
perl	5_18	src	all	http://www.cpan.org/src/5.0/perl-5.18.1.tar.gz	655e11a8ffba8853efcdce568a142c232600ed120ac24aaebb4e6efe74e85b2b	
permute	0.8-4	src	all	https://depot.galaxyproject.org/package/noarch/permute_0.8-4.tar.gz	e3b0c44298fc1c149afbf4c8996fb92427ae41e4649b934ca495991b7852b855	
picard	1_126_0	src	all	https://github.com/broadinstitute/picard/releases/download/1.126/picard-tools-1.126.zip	62d51d05d995c5d4330607d0b0a9a98474ebbbaa34813519bb0a1cd339b923dc	
picard	1_136	src	all	https://github.com/broadinstitute/picard/releases/download/1.136/picard-tools-1.136.zip	1881182b986ddf4aa3151e7e0c2b14c5ff49bc04376578cd6d854d77624fd5d3	
picard	1_56_0	src	all	http://downloads.sourceforge.net/project/picard/picard-tools/1.56/picard-tools-1.56.zip	236e082e70218166bef4c128b0e2bd3347a7c4b76b63aa7353e098d0609f44aa	
pil	1_1_7	src	all	https://github.com/bgruening/download_store/raw/master/pil/Imaging-1.1.7.tar.gz	895bc7c2498c8e1f9b99938f1a40dc86b3f149741f105cf7c7bd2e0725405211	
piranha	1_2_1	src	all	http://smithlabresearch.org/downloads/piranha-1.2.1.tar.gz	1b805946a71f67f0ab31facee504ba4e90c92c2d69622c7392026671526f12d2	
pixman	0_32_4	src	all	http://cairographics.org/releases/pixman-0.32.4.tar.gz	80c7ed420e8a3ae749800241e6347c3d55681296cab71384be7969cd9e657e84	
pixman	0_32_6	src	all	http://cairographics.org/releases/pixman-0.32.6.tar.gz	3dfed13b8060eadabf0a4945c7045b7793cc7e3e910e748a8bb0f0dc3e794904	
plyr	1.8	src	all	https://github.com/bgruening/download_store/raw/master/gatk2_R_deps/plyr_1.8.tar.gz	0bd6861af241e6c5ce777ef3f1b0eb72b31cc026669a68f6250b8ecfadf71a66	
plyr	1.8.1	src	all	https://depot.galaxyproject.org/package/noarch/plyr_1.8.1.tar.gz	95393c61e7c066450ab76eb667e28e763c04a0afb9d6e4d3b397ba93efb04a38	
plyr	1.8.3	src	all	https://github.com/bgruening/download_store/raw/master/DESeq2-1_8_1/plyr_1.8.3.tar.gz	f31afae9b1998dcf806d9ec82474fac49837082e310a2c6e3ee3cbcb55ff641b	
prodigal	2_60	src	all	https://github.com/hyattpd/Prodigal/archive/v2.60.tar.gz	5988cf4ff0cb40d8c17a421321b0a9a6b1e1ed25eb4a83629ca12298528f1eef	
progressivemauve	2_4_0	darwin	all	http://darlinglab.org/mauve/downloads/Mauve-2.4.0.dmg	dfe4c174776240afaf9b97c512faf4d60a94bc101b4506ce9f05db5ddfd22057	
proto	0.3-10	src	all	https://depot.galaxyproject.org/package/noarch/proto_0.3-10.tar.gz	d0d941bfbf247879b3510c8ef3e35853b1fbe83ff3ce952e93d3f8244afcbb0e	
pybedtools	v0.6.9	src	all	https://github.com/daler/pybedtools/archive/v0.6.9.tar.gz	2639e80917999e76572017fd93757e8d7ceb384f0b92647ccfdd23a0d60def7c	
pybedtools	0_6_6	src	all	https://github.com/daler/pybedtools/archive/v0.6.6.tar.gz	7d9416f0901cafb37034164cc2fb27313641a9071f47e80a35efc7085eca4cb6	
pyfaidx	v0.4.1.1	src	all	https://github.com/mdshw5/pyfaidx/archive/v0.4.1.1.tar.gz	5aedb781a55a916c62bcbb109b44d36e8f9fe2e301b2e0372644c83604e259d3	
pysam	0_7_5	src	all	https://pysam.googlecode.com/files/pysam-0.7.5.tar.gz	fa85900ead3d1c2c9ce24f28d2b1843c0a8ffb761cd21d440049e29eca2e2453	
pysam	0_7_6	src	all	https://pypi.python.org/packages/source/p/pysam/pysam-0.7.6.tar.gz	d082ee3c8d7f105968719170956456d3660ef3a199bf53f9667f959ca4d11200	
pysam	0_7_7	src	all	https://pypi.python.org/packages/source/p/pysam/pysam-0.7.7.tar.gz	c9f3018482eec99ee199dda3fdef2aa7424dde6574672a4c0d209a10985755cc	
python	2_7	src	all	https://www.python.org/ftp/python/2.7.10/Python-2.7.10.tgz	eda8ce6eec03e74991abb5384170e7c65fcd7522e409b8e83d7e6372add0f12a	
python	3_4	src	all	https://www.python.org/ftp/python/3.4.3/Python-3.4.3.tgz	8b743f56e9e50bf0923b9e9c45dd927c071d7aa56cd46569d8818add8cf01147	
qt	4_8	src	all	http://download.qt-project.org/official_releases/qt/4.8/4.8.6/qt-everywhere-opensource-src-4.8.6.tar.gz	8b14dd91b52862e09b8e6a963507b74bc2580787d171feda197badfa7034032c	
qt	5_1	src	all	http://download.qt-project.org/official_releases/qt/5.1/5.1.1/single/qt-everywhere-opensource-src-5.1.1.tar.gz	4c05742db52325e96b1d610a2388140dcc1e3d03d93faea2b2d3791015b186f6	
r	2_11_0	darwin	x64	http://depot.galaxyproject.org/package/darwin/x86_64/R/R-2.11.0-Darwin-x86_64.tgz	69b00985c84e6633cc2e518914436ce55666cc10d1edf15ee442758d9f8d5219	
r	2_15_0	darwin	x64	http://depot.galaxyproject.org/package/darwin/x86_64/R/R-2.15.0-Darwin-x86_64.tgz	83b5b3177302015b0895f781ee319bf1b1551875d1dc11f12c86521c50c24b75	
r	3_0_1	src	all	http://cran.ms.unimelb.edu.au/src/base/R-3/R-3.0.1.tar.gz	af90488af3141103b211dc81b6f17d1f0faf4f17684c579a32dfeb25d0d87134	
r	3_0_2	src	all	http://cran.ms.unimelb.edu.au/src/base/R-3/R-3.0.2.tar.gz	956e05ad60447955049285420b5a48e0526aa4db676fd9eadb4bcfb7ccdc024b	
r	3_0_3	darwin	x64	http://depot.galaxyproject.org/package/darwin/x86_64/R/R-3.0.3-Darwin-x86_64.tgz	d26e4d62b9b01cdd058ae94413dc26a738f4074b38022ca1312a5f1a6837a279	
r	3_1_0	darwin	x64	http://depot.galaxyproject.org/package/darwin/x86_64/R/R-3.1.0-Darwin-x86_64.tgz	35d29d8e0ab4c860b1c4b436e7b690811ea9a3b879093bdb3555ac3e2b1bbcde	
r	3_1_1	src	all	http://cran.rstudio.com/src/base/R-3/R-3.1.1.tar.gz	ce5c4d5e34414ce8f1ec2d5642861435fa1ddc4cd89bd336172bbe25a62c7a19	
r	3_1_2	linux	x64	https://depot.galaxyproject.org/package/linux/x86_64/R/R-3.1.2-Linux-x84_64.tgz	586dde39d6821bcc5079004450f5d19f836a26d4554083c7add3933f071451e0	
r	3_2_0	linux	x64	https://depot.galaxyproject.org/package/linux/x86_64/R/R-3.2.0-Linux-x84_64.tgz	69b00985c84e6633cc2e518914436ce55666cc10d1edf15ee442758d9f8d5219	
r	3_2_1	linux	x64	https://depot.galaxyproject.org/package/linux/x86_64/R/R-3.2.1-Linux-x86_64.tar.gz	0a27c632b6aacacfd96264ec815dfef4a68bfa807c48d90fa1eb6600872199e0	
randfold	2_0	src	all	http://bioinformatics.psb.ugent.be/supplementary_data/erbon/nov2003/downloads/randfold-2.0.tar.gz	4d9e07912a010f41f57fa8aded336fd53313897aab79c326c90987eed5f43be2	
rcpp	0.9.9	src	all	https://github.com/bgruening/download_store/raw/master/gatk2_R_deps/rcpp_0.9.9.tar.gz	3ba2016a69fa7c5ffe01e0a513605b80d212a680b949f51d106bb09cfc170a95	
rdkit	2012_12	src	all	http://downloads.sourceforge.net/project/rdkit/rdkit/Q4_2012/RDKit_2012_12_1.tgz	8393fbab30890a94cdcd976d66f4f0ee99679915e85f5f3c26338d2dd506e009	
rdkit	2013_03	src	all	http://rdkit.googlecode.com/files/RDKit_2013_03_2.tgz	72264d5955c7c8d683a93cccdf56b8d2993ef54caf3f81b1c8cd1563fb582abd	
readline	6_2	src	all	ftp://ftp.gnu.org/gnu/readline/readline-6.2.tar.gz	79a696070a058c233c72dd6ac697021cc64abd5ed51e59db867d66d196a89381	
readline	6_3	src	all	ftp://ftp.gnu.org/gnu/readline/readline-6.3.tar.gz	56ba6071b9462f980c5a72ab0023893b65ba6debb4eeb475d7a563dc65cafd43	
reshape2	1.2.2	src	all	https://github.com/bgruening/download_store/raw/master/gatk2_R_deps/reshape2_1.2.2.tar.gz	9131025b8f684e1629ab3e2748d4cf2b907b7c89cfbff667c925bc0fb5dfc103	
reshape2	1.4.1	src	all	https://depot.galaxyproject.org/package/noarch/reshape2_1.4.1.tar.gz	fbd49f75a5b0b7266378515af98db310cf6c772bf6e68bed01f38ee99b408042	
rjson	0.2.13	src	all	https://github.com/bgruening/download_store/raw/master/DESeq2-1_0_18/rjson_0.2.13.tar.gz	24cf93ef25b222295d689a42e126bc15d7ab3e24b83891cf5c11796431cd045c	
rjson	0.2.14	src	all	http://cran.r-project.org/src/contrib/Archive/rjson/rjson_0.2.14.tar.gz	93d417f4eddb6fb7d679fbabb934b155de3965cf3d3e5ab03af69af5a0123357	
rjson	0.2.15	src	all	https://depot.galaxyproject.org/package/noarch/rjson_0.2.15.tar.gz	77d00d8f6a1c936329b46f3b8b0be79a165f8c5f1989497f942ecc53dcf6f2ef	
rmap	2_05	darwin	x64	http://depot.galaxyproject.org/package/darwin/x86_64/rmap/rmap-2.05-darwin-x86_64.tgz	14e9105348af6c91f295028f0f92dc96eb4c165c123d0209f4323488061496e0	
rnacode	0_3	src	all	http://github.com/downloads/wash/rnacode/RNAcode-0.3.tar.gz	86c600a07ecd04d243fd6eb3c6cc5b20fd6159f34f69423e7391c0ce8f311048	
rnashapes	2_1_6	darwin	all	https://github.com/bgruening/download_store/raw/master/RNAshapes/RNAshapes-2.1.6-osx.tar.gz	a55854b1989d6646aa77fd88b50c1499e53fe739c640601f034830b56bad080e	
rnastar	2_4_0d	src	all	https://github.com/alexdobin/STAR/archive/STAR_2.4.0d.tar.gz	b6b368092e91cca135145b631832048d7f508ee8bf8cbd52ffdcb04a413b593f	
rnastructure	5_7	src	all	http://depot.galaxyproject.org/package/source/RNAstructure-5.7.tgz	700df574b953dac1b974bfde869a8dc1af011b7cb73080d7ca7b7dec3e68ce69	
rpart	4.1-10	src	all	https://github.com/bgruening/download_store/raw/master/DESeq2-1_8_1/rpart_4.1-10.tar.gz	c5ddaed288d38118876a94c7aa5000dce0070b8d736dba12de64a9cb04dc2d85	
rpy2	2_3_6	src	all	https://pypi.python.org/packages/source/r/rpy2/rpy2-2.3.6.tar.gz	a834e54ed6b98e71ef674f96628ab68e17f614db5b6246a9560048493a69f81c	
rpy	1_0_3	src	all	http://depot.galaxyproject.org/package/source/rpy-1.0.3.tar.gz	53a84ad4d3ef4d7e950d11f61021e8de199bb94381340dd0466d6c1fa33cbcae	
rtracklayer	1.26.2	src	all	https://depot.galaxyproject.org/package/noarch/rtracklayer_1.26.2.tar.gz	c0284805d84f83f6189dc5a58461ea9ace8ec43dc301b0b317f4c3b493bf8bdb	
ruby	1_9	src	all	http://cache.ruby-lang.org/pub/ruby/1.9/ruby-1.9.3-p484.tar.gz	d684bc3a5ba72cda9ef30039f783c0f8cdc325bae5c8738c7bf05577cbe8f31d	
ruby	2_0	src	all	http://cache.ruby-lang.org/pub/ruby/2.0/ruby-2.0.0-p647.tar.gz	c88aaf5b4ec72e2cb7d290ff854f04d135939f6134f517002a9d65d5fc5e5bec	
ruby	2_1	src	all	https://cache.ruby-lang.org/pub/ruby/2.1/ruby-2.1.7.tar.gz	f59c1596ac39cc7e60126e7d3698c19f482f04060674fdfe0124e1752ba6dd81	
ruby	2_2	src	all	http://cache.ruby-lang.org/pub/ruby/2.2/ruby-2.2.3.tar.gz	df795f2f99860745a416092a4004b016ccf77e8b82dec956b120f18bdc71edce	
sailfish	0_6	src	all	https://github.com/kingsfordgroup/sailfish/archive/v0.6.3.tar.gz	5fded7dc88e525d17eb7abe102ac8ce8d8c3c8e9997d8aa1c512dddbef813632	
sailfish	0_7_5	darwin	x64	https://github.com/kingsfordgroup/sailfish/releases/download/v0.7.5/SailfishBeta-0.7.5_OSX_10.10.tar.gz	d7abbd35481e961bd54dde0e3f265d05288f14f6e829e5f7bb8147bfc1319913	
sailfish	0_7_6	darwin	x64	https://github.com/kingsfordgroup/sailfish/releases/download/v0.7.6/SailfishBeta-0.7.6_OSX_10.10.tar.gz	5e9691160aae7c93346b227860be4d3362b37b1743af67ca64c097b418d499f7	
samtools	0_1_16	darwin	x32	http://depot.galaxyproject.org/package/darwin/i386/samtools/samtools-0.1.16-Darwin-i386.tgz	4b89dd5542809098269939f6eb913abcf0011c746e02085221d171e3942b6e1f	
samtools	0_1_18	darwin	x32	http://depot.galaxyproject.org/package/darwin/i386/samtools/samtools-0.1.18-Darwin-i386.tgz	dffd1788d6075bc158a0481978ee9662e9773653bb0c50d515c4fcad4b098f4d	
samtools	0_1_19	darwin	x64	http://depot.galaxyproject.org/package/darwin/x86_64/samtools/samtools-0.1.19-Darwin-x86_64.tgz	01e0a2cb38b1bcd433461cef43ff6555755a30dfbe83cb9c0a24cb028b104ac7	
samtools	1_0	linux	x64	http://depot.galaxyproject.org/package/linux/x86_64/samtools/samtools-1.0-Linux-x86_64.tgz	cf1b9a19d0e8ad0a29d489e62fa9d1720842a6097c7679f7398d21884ff65da9	
samtools	1_1	linux	x64	http://depot.galaxyproject.org/package/linux/x86_64/samtools/samtools-1.1-Linux-x86_64.tgz	7791c2b44457fbbdda37936d678ce68c087334bbddf10d35a63a415e141090c8	
samtools	1_2	linux	x64	http://depot.galaxyproject.org/package/linux/x86_64/samtools/samtools-1.2-Linux-x86_64.tgz	4bf5ee7bbf76c8260f032a7242c37f78cac5c33284f5a453b27de0ec131bafdb	
scales	0.2.3	src	all	https://github.com/bgruening/download_store/raw/master/gatk2_R_deps/scales_0.2.3.tar.gz	46aef8eb261abc39f87b71184e5484bc8c2c94e01d3714ce4b2fd60727bc40d9	
scales	0.2.4	src	all	https://depot.galaxyproject.org/package/noarch/scales_0.2.4.tar.gz	5ba490c0a00909196b021336d636863c13b10ea8ea06a33b3701ae8862f4b921	
scales	0.3.0	src	all	https://github.com/bgruening/download_store/raw/master/DESeq2-1_8_1/scales_0.3.0.tar.gz	f4e1b98e3501b3a27b1a86ecc622a4653aff31c9f93248d7b5d428b03ebe6fce	
scikit_learn	0_13	src	all	https://pypi.python.org/packages/source/s/scikit-learn/scikit-learn-0.13.1.tar.gz	a6e4759a779ba792435d096c882a0d66ee29d369755c09209f1a4e50877bdc94	
scikit_learn	0_14	src	all	https://pypi.python.org/packages/source/s/scikit-learn/scikit-learn-0.14.1.tar.gz	34821b8f460bdb7aba8eb882353bacbd01671bfb8057649ffcdce7f7ffa4a21d	
scikit_learn	0_15	src	all	https://pypi.python.org/packages/source/s/scikit-learn/scikit-learn-0.15.2.tar.gz	1a8a881f6f13edc0ac58931ce21f899eb7920af50aa08802413d1239e2aa5fa6	
scipy	0_12	src	all	http://downloads.sourceforge.net/project/scipy/scipy/0.12.0/scipy-0.12.0.tar.gz	b967e802dafe2db043cfbdf0043e1312f9ce9c1386863e1c801a08ddfccf9de6	
scipy	0_14	src	all	https://pypi.python.org/packages/source/s/scipy/scipy-0.14.0.tar.gz	4b41a3e6bf178df1c7f0ef3bfeabf1f56610329aca5dbd7b6d64da8ac9af6b14	
segemehl	0_1_6	src	all	http://www.bioinf.uni-leipzig.de/Software/segemehl/segemehl_0_1_6.tar.gz	bc6b17220305cd0e756ffd1dd401e7fcbc8c3ca0761abc588854762a99f3cad8	
segemehl	0_2_0	src	all	http://www.bioinf.uni-leipzig.de/Software/segemehl/segemehl_0_2_0.tar.gz	2575139d2f2ba7bd534afcbe485c0570c177d1faaeb267c4cd873e65b8e72afb	
sendmailR	1.2-1	src	all	https://depot.galaxyproject.org/package/noarch/sendmailR_1.2-1.tar.gz	04feb08c6c763d9c58b2db24b1222febe01e28974eac4fe87670be6fb9bff17c	
sicer	1_1	src	all	http://home.gwu.edu/~wpeng/SICER_V1.1.tgz	1749c1e382629376f1d9db12978b9733fd5d9b9a896a2d127194c42b600c84c9	
simplejson	3.7.3	src	all	https://pypi.python.org/packages/source/s/simplejson/simplejson-3.7.3.tar.gz	63d7f7b14a20f29f74325a69e6db45925eaf6e3a003eab46c0234fd050a8c93f	
six	1.9.0	src	all	https://pypi.python.org/packages/source/s/six/six-1.9.0.tar.gz	e24052411fc4fbd1f672635537c3fc2330d9481b18c0317695b46259512c91d5	
snow	0.3-13	src	all	https://github.com/bgruening/download_store/raw/master/DESeq2-1_8_1/snow_0.3-13.tar.gz	ceb6af66f8c988a7606c4ba2d7ccf84c14bca6c376f8d9133089296607c14bc1	
snpeff	3_4	src	all	https://downloads.sourceforge.net/project/snpeff/snpEff_v3_4_core.zip	57769d7cc21e2c93891de7250a09e9715383d392e5cffb6e55359148bb8c9b0c	
snpeff	3_6	src	all	https://downloads.sourceforge.net/project/snpeff/snpEff_v3_6_core.zip	56acd33a7dd201381022c2ecbac07fe367e8d297acf8c5833df1e2e5facf27c2	
snpeff	4_0	src	all	https://downloads.sourceforge.net/project/snpeff/snpEff_v4_0_core.zip	e5c4c555b9ba5546ae885d2645b070ae81a1e30f3de96d298837ec40c45a9ffc	
snpeff	4_1	src	all	https://downloads.sourceforge.net/project/snpeff/snpEff_v4_1_core.zip	6b8a71863ff8a7121e1a1c619673bf17f559300a3001ff59345c4ba694914fee	
sparsehash	2_0_2	src	all	https://sparsehash.googlecode.com/files/sparsehash-2.0.2.tar.gz	2ed639a7155607c097c2029af5f4287296595080b2e5dd2e2ebd9bbb7450b87c	
sputnik	1_0	darwin	x64	http://depot.galaxyproject.org/package/darwin/x86_64/sputnik/sputnik-1.0-Darwin-x86_64.tgz	3d752f22c171509da2752aed26b749a7eab21a80f5f9506eccdc8b290dbc62ba	
sqlite	3_8_3	src	all	https://github.com/bgruening/download_store/raw/master/sqlite/sqlite-autoconf-3080300.tar.gz	dabe38cf6732a9dfd57e9a2d2629dfb12ea3f2bf8948987f91318d01e6f72a26	
squid	1_9g	src	all	http://selab.janelia.org/software/squid/squid.tar.gz	302f42e8794aa4dbcfa0996c14fb7a70a7c4397fc45c2bbd2748055460d8dca7	
statmod	1.4.21	src	all	https://github.com/bgruening/download_store/raw/master/DEXSeq_1.14.2/statmod_1.4.21.tar.gz	aa996fe93f0bd5635d40783039eb868811a9238e83e0a5a7da8617a17082148d	
stringi	0.5-5	src	all	https://github.com/bgruening/download_store/raw/master/DESeq2-1_8_1/stringi_0.5-5.tar.gz	1cd67b64f287aac9e8fd95dd4a0cab829e0fb7870fd264ede281be0b65ce7ca0	
stringr	0.6.2	src	all	https://depot.galaxyproject.org/package/noarch/stringr_0.6.2.tar.gz	c3fc9c71d060ad592d2cfc51c36ab2f8e5f8cf9a25dfe42c637447dd416b6737	
stringr	1.0.0	src	all	https://github.com/bgruening/download_store/raw/master/DESeq2-1_8_1/stringr_1.0.0.tar.gz	f8267db85b83c0fc8904009719c93296934775b0d6890c996ec779ec5336df4a	
stringtie	0_97	darwin	x64	http://depot.galaxyproject.org/package/darwin/x86_64/stringtie/stringtie-0.97-Darwin-x86_64.tgz	53dfa6d2fadf7bd548b9932f1dd3e1c40f84c3e2877a801af5cd9059024fe577	
stringtie	1_0_1	darwin	x64	http://ccb.jhu.edu/software/stringtie/dl/stringtie-1.0.1.OSX_x86_64.tar.gz	8815e3345567b413ad5a6567f499e71c16c316abb3828430f5e0affdb11c5ed3	
stringtie	1_0_3	darwin	x64	http://ccb.jhu.edu/software/stringtie/dl/stringtie-1.0.3.OSX_x86_64.tar.gz	a757cbdffe28f593a8161bb2350a5de7601ca8047f54a29d58baa243f226c5ca	
stringtie	1_0_4	darwin	x64	http://ccb.jhu.edu/software/stringtie/dl/stringtie-1.0.4.OSX_x86_64.tar.gz	b50648a23cf0957fb25d34d3497bfe4cd270977272e4f6c7ea3da10c99dc7692	
survival	2.37-7	src	all	https://depot.galaxyproject.org/package/noarch/survival_2.37-7.tar.gz	658d2c5825d62ac4d2be1631cfc848f1424d894948840f8b5406f0259f201ac6	
survival	2.38-1	src	all	https://depot.galaxyproject.org/package/noarch/survival_2.38-1.tar.gz	f5b90925b7f4fd23ba99fb44b713ffe3b6768bfe7cb81037b9f0d615a051004f	
survival	2.38-3	src	all	https://github.com/bgruening/download_store/raw/master/DESeq2-1_8_1/survival_2.38-3.tar.gz	2588ba869471d97a42628611496ba0ce6ade188143f673af41987c7d4a8972c2	
suspenders	0_2_5	src	all	https://pypi.python.org/packages/source/s/suspenders/suspenders-0.2.5.tar.gz	27fcbeb0f71e5dd9d1085981640873812fa13ece0f4c0d0207b1733d13041b04	
sva	3.12.0	src	all	https://depot.galaxyproject.org/package/noarch/sva_3.12.0.tar.gz	53afc52973093a8a853cfa5e1ea4c03ca51bb744f8917b520efb8f429d8054f4	
tabix	0_2_6	src	all	http://sourceforge.net/projects/samtools/files/tabix/tabix-0.2.6.tar.bz2	e4066be7101bae83bec62bc2bc6917013f6c2875b66eb5055fbb013488d68b73	
taxonomy	1_0_0	src	all	https://bitbucket.org/natefoo/taxonomy/get/97aef0c05300.zip	1c7549a75aaef00d777a4043a46b206d3d455f4d23e0ab587754996184927cdf	
tiff	4_0_3	src	all	ftp://ftp.remotesensing.org/pub/libtiff/tiff-4.0.3.tar.gz	ea1aebe282319537fb2d4d7805f478dd4e0e05c33d0928baba76a7c963684872	
tophat2	2_0_9	darwin	x64	http://depot.galaxyproject.org/package/darwin/x86_64/tophat/tophat-2.0.9.OSX_x86_64.tar.gz	3be594a6a97c82d3dc779909203226f7741fa0b298bd1d7a6a0d1e2e5d3b4c48	
tophat	1_4_0	darwin	x64	http://depot.galaxyproject.org/package/darwin/x86_64/tophat/tophat-1.4.0.OSX_x86_64.tar.gz	8db73bb41016f42fc5b7edf0c4c9ede3baa1c7126d935f54190e2db5b14855ef	
tophat	2_0_14	linux	x64	https://depot.galaxyproject.org/package/linux/x86_64/tophat/tophat-2.0.14-Linux-x86_64.tar.gz	3eb415d861748257e7561b54abcb10a97d0d9e29d7aaea5be17e95c7dbd4765d	
tpp	4_8_0	src	all	https://depot.galaxyproject.org/package/linux/x86_64/tpp/tpp-4.8.0-Linux-x86_64.tar.gz	d2b99b22c18091124b41c4ef13315b8fafc2a3451b43e2794122806d96a97a7f	
transtermhp	2_09	src	all	http://transterm.cbcb.umd.edu/transterm_hp_v2.09.zip	b636db1c0fe9731cc760d8f3639209d07f7f35309d83013cc9f9e40798ce8be0	
trnascan	1_3_1	src	all	http://lowelab.ucsc.edu/software/tRNAscan-SE.tar.gz	862924d869453d1c111ba02f47d4cd86c7d6896ff5ec9e975f1858682282f316	
ucsc_tools	312	src	all	https://depot.galaxyproject.org/package/linux/x86_64/ucsc/ucsc-312-Linux-x86_64.tar.gz	706ba638e26e0e51f4c3a1ce82d64d71caaae259e2cabdd903bfa2b9c0510799	
unzip	6_0	src	all	http://downloads.sourceforge.net/project/infozip/UnZip%206.x%20%28latest%29/UnZip%206.0/unzip60.tar.gz	036d96991646d0449ed0aa952e4fbe21b476ce994abc276e49d30e686708bd37	
vcflib	8a5602bf07	src	all	http://depot.galaxyproject.org/package/linux/x86_64/vcflib/vcflib-8a5602bf07-Linux-x86_64.tgz	3f1d08c8d75cad7d8debdda63371e3358dd1d45a535e8cf1d5f8223ad75a7935	
vcftools	0_1_11	src	all	http://downloads.sourceforge.net/project/vcftools/vcftools_0.1.11.tar.gz	81b98c8bc93e366e2f0b14eb78e2736ae1c790176939eef88dbf0546ab952aab	
vcftools	0_1_12b	src	all	http://downloads.sourceforge.net/project/vcftools/vcftools_0.1.12b.tar.gz	9d2324512e9f1237d5cece74ba63965eb43643e9eada8685afe8217760a20a91	
vegan	2.3-0	src	all	https://depot.galaxyproject.org/package/noarch/vegan_2.3-0.tar.gz	e3b0c44298fc1c149afbf4c8996fb92427ae41e4649b934ca495991b7852b855	
velvet	1_2_10	src	all	https://github.com/dzerbino/velvet/archive/d430f1ade319af582dc7bb6886ea904abd6337bd.zip	a23a27339282c6215d7f8735e59d07ad855e3819b217bc75f9fa2aeeefacfb1f	
vienna_rna	1_8	src	all	http://www.tbi.univie.ac.at/RNA/packages/source/ViennaRNA-1.8.5.tar.gz	f4e2d94beaf77165e8321758e4ab0ad1c5d49879cefa12e48b07d09ed2d0ecf9	
vienna_rna	2_1	linux	x64	https://depot.galaxyproject.org/package/linux/x86_64/ViennaRNA/ViennaRNA-2.1.8-Linux-x86_64.tar.gz	60eab3d236c44a1f2796cc7098a651384ca39c61754f4d589d3076ddbf110e23	
vienna_rna	2_1_5	src	all	http://www.tbi.univie.ac.at/RNA/packages/source/ViennaRNA-2.1.5.tar.gz	2d02103b6a5d1536df26607ee00b8be364758f2cb796aeb010517c311e861d58	
weblogo	2_8_2	src	all	https://github.com/bgruening/download_store/raw/master/weblogo/weblogo.2.8.2.tar.gz	2d3e0040c0c1e363c1dfd57f8b585387eb682ed08b2cc2fe2e4cc2a33ac52266	
weblogo	3_3	src	all	http://weblogo.googlecode.com/files/weblogo-3.3.tar.gz	ae730d77e4cddc3d8267e170abe67ff31ac20f6fd52baeda547dbbfd2382af82	
xorg_macros	1_17_1	src	all	http://ftp.x.org/pub/individual/util/util-macros-1.17.1.tar.bz2	5e52654f2a0b04223cf28a9d7fd62cf288852e639ac13a75172fd47d0d6ac625	
xtable	1.7-1	src	all	https://github.com/bgruening/download_store/raw/master/DESeq2-1_0_18/xtable_1.7-1.tar.gz	241612679ef52cae08090ced5a8c2fdf0a0b58cd034da5a29b88e4bf21606ea2	
xtable	1.7-4	src	all	https://depot.galaxyproject.org/package/noarch/xtable_1.7-4.tar.gz	47629a31185591be30b13ae3a656fc24360760996975e292f4fa7954c0257dbb	
xz	5_0_5	src	all	http://tukaani.org/xz/xz-5.0.5.tar.bz2	166c48d2842519bc4f96333bff9e265f8cdda44d38e40594ef3f9bbb52890490	
zlib	1_2_8	src	all	http://zlib.net/zlib-1.2.8.tar.gz	36658cb768a54c1d4dec43c3116c27ed893e88b02ecfcb44f2166f9c0b7f2a0d	
zlibbioc	1.12.0	src	all	http://bioarchive.galaxyproject.org/zlibbioc_1.12.0.tar.gz	4b8d7f156dd533e671d6b52ea9bd641aa9e4bc27552cdcea46492a979548ad5f	
zlibbioc	1.14.0	src	all	https://github.com/bgruening/download_store/raw/master/DEXSeq_1.14.2/zlibbioc_1.14.0.tar.gz	0811b4aecdb66a2ee33e806a40f54e0fdde2f4223a3981cccc16df9b7d3567d4	
